t,entity,x,y,z,yaw
0,PIGEON,1.4980543069784653,-0.0763759768088545,0.0,0
0,DRONE,16.85605709508962,18.691765972977326,35.078667344026144,-0.23134087118498314
1,PIGEON,3.1275459905084255,1.3282839178316332,0.0,0
1,DRONE,13.625957789803113,22.046068579743054,32.234158868897644,0.25363859641102016
2,PIGEON,3.1292785506473635,2.2694735006798012,0.0,0
2,DRONE,16.189651005266555,19.400195746866114,28.9805495480703,0.20738283551278514
3,PIGEON,2.7710295167128938,4.572750826887029,0.0,0
3,DRONE,20.049642098005467,21.418759550294677,32.01040088390466,0.5795575348128104
4,PIGEON,2.386278504969779,5.146995860700017,0.0,0
4,DRONE,19.661280672204725,18.878978474355783,30.459715782620606,0.8231447046711269
5,PIGEON,3.5190539620557733,5.414002360544291,0.0,0
5,DRONE,17.29184118804571,20.037968860207364,28.919649379409204,0.4000806794719898
6,PIGEON,4.891107803329352,7.112287741561334,0.0,0
6,DRONE,22.25141097637752,15.69066735274675,30.761932277807983,0.34628775592238314
7,PIGEON,7.620618595421288,8.767174412854152,0.0,0
7,DRONE,24.81428761537763,11.748928957078265,25.961935823662966,0.657442597912484
8,PIGEON,8.629897667453474,10.65075352198571,0.0,0
8,DRONE,27.70229598672349,12.56928467237588,27.358407407923114,0.38461167826297116
9,PIGEON,8.113469999860863,12.81502191711795,0.0,0
9,DRONE,32.67178417644291,15.68031966574266,23.88004889228255,-0.019491202783008976
10,PIGEON,9.021260796699773,14.157854423955042,0.0,0
10,DRONE,30.73561709646843,18.58943574373317,24.059619004239938,0.33585567016223195
11,PIGEON,11.016204173266132,14.437707282401865,0.0,0
11,DRONE,28.468190135850175,22.42146303948143,28.660192800264475,0.72604867701699
12,PIGEON,12.362814691887804,16.120848405143384,0.0,0
12,DRONE,25.307052893736778,24.51204024480442,27.873387362771588,0.9230600026083566
13,PIGEON,14.968291811425448,18.190725573624423,0.0,0
13,DRONE,24.97695842980507,23.893681166938673,27.81372175336618,0.5557838538354165
14,PIGEON,18.64461566914726,20.74454831819238,0.0,0
14,DRONE,29.679671926175708,24.34865174036479,29.756027719842344,0.7954535281220405
15,PIGEON,23.44967980181277,23.14724260478067,0.0,0
15,DRONE,25.604854237508203,25.591190605972276,25.758843685439295,0.5393766621345719
16,PIGEON,28.4931058154623,26.626188775828414,0.0,0
16,DRONE,26.216338526808933,24.34493037942675,30.326608308309407,0.5323371267913508
17,PIGEON,32.02257298147521,28.647882396182506,0.0,0
17,DRONE,26.453235524799485,28.325628582012452,34.37040302592713,0.6534391783618929
18,PIGEON,36.39347724363515,29.559966682613453,0.0,0
18,DRONE,29.84520736184865,26.71833096534279,33.823202615563936,0.4919100513272938
19,PIGEON,39.168777641726074,29.42803268956497,0.0,0
19,DRONE,26.920824818158184,26.91327131401459,32.65594801501832,0.714902361759048
20,PIGEON,42.850372005877254,30.23046565235,0.0,0
20,DRONE,25.181456083883425,25.604861865433246,34.89752397976034,0.22144029439790236
21,PIGEON,44.93043057771143,31.806343061233758,0.0,0
21,DRONE,29.003238484985808,22.59039341491238,31.465343464163553,0.44875455110829066
22,PIGEON,46.24128783925957,31.833568511391256,0.0,0
22,DRONE,33.96228362964851,26.513357334006194,35.99610906365113,0.7367986910923277
23,PIGEON,46.50022045678426,30.673987094437702,0.0,0
23,DRONE,31.641777545408537,29.90802876587842,38.54146693958354,0.24230236977692865
24,PIGEON,47.86533877485779,30.614435574592306,0.0,0
24,DRONE,29.882577381430817,34.06626484212345,34.36445570418991,0.2081544850886612
25,PIGEON,49.922528708549464,29.310459476984573,0.0,0
25,DRONE,29.68321808884644,36.59242837723166,38.65343874359344,0.009762564224460757
26,PIGEON,51.051006141611424,29.45114138366712,0.0,0
26,DRONE,27.733416969603777,39.06959592377567,39.786960766320504,-0.37375644062269453
27,PIGEON,53.347894948907104,30.35773911872974,0.0,0
27,DRONE,27.180866300369065,41.66630480272601,43.93200588611915,-0.05159180127484486
28,PIGEON,56.77855470538485,30.548395315558817,0.0,0
28,DRONE,29.163230738625774,39.427152186068966,44.057907593877616,-0.14969787612066998
29,PIGEON,59.33198211280619,32.12165143003694,0.0,0
29,DRONE,27.22773247389877,41.07072842520839,43.47920405115195,-0.38905157869806173
30,PIGEON,61.227605475195205,34.98258189592666,0.0,0
30,DRONE,23.27232250018273,40.81384435729395,46.73540314620682,-0.5115808981269101
31,PIGEON,61.48723743708008,37.16012476782944,0.0,0
31,DRONE,23.285411566286545,42.953932742775166,46.61831222503017,-0.5785535184692718
32,PIGEON,62.1413811497617,40.55977474035735,0.0,0
32,DRONE,24.66863550921823,40.40802165456912,45.550959266380374,-0.3717744385390276
33,PIGEON,63.844921255727236,44.62305174259617,0.0,0
33,DRONE,25.506031736742088,39.4376563613292,43.17298149037006,-0.29912507764367824
34,PIGEON,65.72161743681993,46.81986378436423,0.0,0
34,DRONE,29.672248158091975,42.16282899013772,46.62043298987015,-0.718887072619264
35,PIGEON,66.86560703750358,47.39952021945525,0.0,0
35,DRONE,33.8437116986723,46.68229530614288,41.894716734033715,-1.2035138742926956
36,PIGEON,67.43960154304852,46.49207415505636,0.0,0
36,DRONE,33.80450437325881,49.734838355718274,41.50975641829207,-1.1984754832857687
37,PIGEON,67.35295231560619,44.30202047359916,0.0,0
37,DRONE,38.71056894946445,52.30597614087184,42.57773733240002,-1.295875741167665
38,PIGEON,68.3629599313051,43.3635773918685,0.0,0
38,DRONE,37.015592821657734,48.33713758423066,39.40524211642597,-1.1287459095003989
39,PIGEON,68.68987382836605,41.13652869643579,0.0,0
39,DRONE,37.34049337676115,50.61921940747332,39.69328510721599,-1.1985969293848027
40,PIGEON,67.69048975738966,39.8915148493621,0.0,0
40,DRONE,40.725432842075456,55.343903898060546,41.9786644119298,-1.1959540321144981
41,PIGEON,68.23406985254663,39.180485782885434,0.0,0
41,DRONE,39.7403847748037,59.616527765162374,46.21068720122755,-1.2723984001144633
42,PIGEON,68.66827365383796,37.04156896790643,0.0,0
42,DRONE,39.955395473401516,63.05140685125101,43.275262369125095,-0.8041248106343266
43,PIGEON,67.98559975007726,34.068837120314846,0.0,0
43,DRONE,39.53859533628245,65.16658977271753,45.754694396845565,-1.230843086387353
44,PIGEON,67.45766369112106,32.89088400272877,0.0,0
44,DRONE,44.12780614368724,64.62810025303231,45.90626073007636,-1.0628237764424022
45,PIGEON,65.48407110898995,31.89889633717893,0.0,0
45,DRONE,42.744917760212644,66.5928331325223,47.650698711055334,-1.294281559468161
46,PIGEON,64.49701264346064,32.28172612755012,0.0,0
46,DRONE,43.92464695934292,63.150740497564115,49.92938263405295,-1.3767200142944638
47,PIGEON,65.07268338863325,32.29972189536595,0.0,0
47,DRONE,45.90773543749338,63.70340536951525,52.416296483270465,-1.2051265280072312
48,PIGEON,64.33481782222633,31.495831952096474,0.0,0
48,DRONE,42.34167384749777,61.20481778104997,48.95486171867695,-0.9634709219296278
49,PIGEON,62.35686518810672,30.048634866829637,0.0,0
49,DRONE,38.21783880878203,63.24711280013858,52.05161799403602,-0.5599493235286532
50,PIGEON,59.22827028956321,29.403208645467874,0.0,0
50,DRONE,42.1102074124619,61.47386863825982,53.258520072873104,-0.8532734074795201
51,PIGEON,57.911859542531694,28.867331200859777,0.0,0
51,DRONE,42.582976445870464,64.57985327639719,48.42485112473731,-1.3300512979805144
52,PIGEON,58.18980329753489,28.052672090129498,0.0,0
52,DRONE,40.24393327094223,62.60463935433254,51.696564064997126,-1.8061031654891386
53,PIGEON,59.80361646390984,26.69464205252118,0.0,0
53,DRONE,42.84563543170159,66.37199482091842,50.527129067608655,-2.0566856706104137
54,PIGEON,61.573214893830496,24.006329975094047,0.0,0
54,DRONE,43.71140298976662,70.98179532623567,54.23943541772652,-2.0084240667018274
55,PIGEON,61.694287041282564,21.877524546398238,0.0,0
55,DRONE,43.731823312657845,70.16348117759317,57.422669404272156,-1.9084127536849629
56,PIGEON,60.322741557536546,20.202616053676376,0.0,0
56,DRONE,46.313228393769016,65.37293248001384,56.75569327670447,-2.058970475893626
57,PIGEON,58.574755975010994,20.104531775952886,0.0,0
57,DRONE,42.04020265367083,62.60010388809962,55.164912979257885,-1.8384673732737866
58,PIGEON,57.487819127513404,18.597256009288163,0.0,0
58,DRONE,37.47594250127912,65.79596682330484,56.16531616734564,-1.5391200312580646
59,PIGEON,55.01964097125248,17.06723243690823,0.0,0
59,DRONE,33.821519517981486,68.13051438788852,59.712351958141774,-1.0436771921164723
60,PIGEON,51.85921021389283,16.85988927599093,0.0,0
60,DRONE,36.43487603215531,70.0452904220755,55.252066708330695,-1.3980378669867215
61,PIGEON,50.206943901877516,17.583690578390645,0.0,0
61,DRONE,35.322254403472506,69.72684791186336,56.09962786380858,-1.0956838556047228
62,PIGEON,50.15283814103766,17.79160258700203,0.0,0
62,DRONE,30.865550111947794,70.37815535987284,56.29827723403039,-1.4522793695711376
63,PIGEON,50.120523902053144,16.47881284693743,0.0,0
63,DRONE,27.79238198810729,67.06818358383508,56.004972582892975,-1.9431832378313998
64,PIGEON,51.582566584660626,15.460227638316853,0.0,0
64,DRONE,25.923111581015267,67.32697845198356,53.70928918917357,-1.6377753355198643
65,PIGEON,53.61524933662142,13.225876500065965,0.0,0
65,DRONE,27.636602479470945,65.20623575813691,50.302639911503334,-2.070130386875836
66,PIGEON,56.8878637136893,10.80609124694152,0.0,0
66,DRONE,32.0437592586212,61.6815632293295,50.677209834888856,-1.6110848362368755
67,PIGEON,58.96182310195543,9.84921583413737,0.0,0
67,DRONE,28.58997632382584,63.16785884225708,47.61436317278409,-2.1083547276862635
68,PIGEON,62.26353115575416,9.424330561997696,0.0,0
68,DRONE,27.52870485764145,61.467433421569524,49.24229442928236,-2.5839900137304843
69,PIGEON,63.750960207281395,9.259701714076618,0.0,0
69,DRONE,30.893478816748488,58.50276012492103,46.74447342953346,-2.816286011636011
70,PIGEON,65.91394145425734,7.858324842842365,0.0,0
70,DRONE,29.30129643766733,57.88209253651207,42.411736936633076,-2.800219018360583
71,PIGEON,68.83694232563617,7.735858528252535,0.0,0
71,DRONE,25.1719713989513,56.03350310121216,43.341642785045075,2.9850695155182727
72,PIGEON,72.4697141559753,8.74181697409795,0.0,0
72,DRONE,25.090108448096924,58.866232211422904,43.721072116435366,2.9348831777235933
73,PIGEON,77.11144827433078,9.041408310654724,0.0,0
73,DRONE,21.340896315978256,63.33465578343143,47.41614766020603,-2.99340224736478
74,PIGEON,82.74223257735933,8.939367034647455,0.0,0
74,DRONE,16.584366052114106,66.87247336946275,48.24747113753971,-3.0482965712867
75,PIGEON,86.33053743405473,8.599794890219403,0.0,0
75,DRONE,15.380135383003443,62.47178626527789,48.58436020694571,-2.6694223424063015
76,PIGEON,89.01725311672266,6.895819132881262,0.0,0
76,DRONE,13.120502351532602,65.12881823222325,49.4065249992744,-2.3133625508057527
77,PIGEON,90.73004626768716,4.0383749933621536,0.0,0
77,DRONE,12.019093767542763,66.00476996580801,51.183485955657446,-2.578598224829096
78,PIGEON,93.76353946926632,1.311763776136643,0.0,0
78,DRONE,12.119265080677366,61.79257897159561,50.80275203429449,-2.1847984961822386
79,PIGEON,97.36361159127729,-2.3641621173473055,0.0,0
79,DRONE,11.33805190511806,60.51977065604558,49.24418553930579,-1.8275664778407452
80,PIGEON,101.89180903954086,-4.9039158478801,0.0,0
80,DRONE,8.044255929627843,62.72433494502668,47.76002540224492,-1.6904689776682682
81,PIGEON,106.94332452652556,-8.328621339785968,0.0,0
81,DRONE,11.38583292530574,66.81284949928094,52.20098367164124,-1.443482183275642
82,PIGEON,111.0615647690527,-12.848461964868559,0.0,0
82,DRONE,10.780793520566569,67.02535796681141,51.35655975707468,-1.7392226794972243
83,PIGEON,116.23087354610071,-16.584738450615756,0.0,0
83,DRONE,15.035802204618115,63.26335318603463,51.86257910292543,-2.145904692331974
84,PIGEON,121.64835783849195,-21.237585801025087,0.0,0
84,DRONE,16.15171648440535,61.18005129695974,47.30593286808242,-2.2462441075654733
85,PIGEON,127.41076822758394,-24.215268966497085,0.0,0
85,DRONE,16.662616238702572,64.75065116464654,48.06595632921562,-2.4140027478149784
86,PIGEON,131.52545487273068,-27.944909878477986,0.0,0
86,DRONE,17.688456624911293,63.335548476835484,51.75571668305066,-2.4163281716874705
87,PIGEON,133.7912843930563,-31.7304391316506,0.0,0
87,DRONE,19.785215131592942,63.058420781225536,55.46891096973892,-2.222078596006374
88,PIGEON,134.34220260230614,-34.95065709552179,0.0,0
88,DRONE,24.730395092718897,64.77222156927968,58.95882855696408,-2.6219136183021456
89,PIGEON,134.58877196343707,-36.36970792546929,0.0,0
89,DRONE,21.97541412215029,66.52644122881661,59.94894071582119,-2.9527384785235706
90,PIGEON,135.81513435952678,-36.53281585774474,0.0,0
90,DRONE,22.398864978118876,67.82711084187352,62.558521600441075,-2.8447501678719167
91,PIGEON,137.70705718396727,-35.403389658621805,0.0,0
91,DRONE,23.43163182048485,70.41941172063537,61.02988489053812,-2.7726708767972927
92,PIGEON,140.4743452265049,-35.443654547918314,0.0,0
92,DRONE,26.719477026943515,69.69998184072459,60.161054372045896,-2.8367114242833837
93,PIGEON,143.43024546624628,-34.05389935711154,0.0,0
93,DRONE,25.436833838673504,72.05323283362273,63.22629589149586,-3.073702184784994
94,PIGEON,146.5576575933722,-31.37770192181622,0.0,0
94,DRONE,23.867761241619387,67.18666393397704,67.08753110877662,3.0900277471331155
95,PIGEON,150.31486326721742,-30.136012495298793,0.0,0
95,DRONE,28.372587718858234,69.4426938125256,64.1899737708945,3.01983937772005
96,PIGEON,152.22522545508758,-28.725580154143483,0.0,0
96,DRONE,27.347165517808236,67.87896911694827,63.753678666147685,2.7918693392306286
97,PIGEON,154.54983526114853,-28.828645588994796,0.0,0
97,DRONE,26.772702190559695,70.1766644890909,64.66317674682266,3.132234245606039
98,PIGEON,155.16821727580518,-29.200709662711816,0.0,0
98,DRONE,25.247606035541974,68.16408395509347,68.68101795576693,2.6654123876316245
99,PIGEON,157.22290942461336,-29.610076127600113,0.0,0
99,DRONE,29.53290570158625,65.7281757312682,68.13483255417333,2.3073596729936448
100,PIGEON,157.7413343194904,-30.670587282270134,0.0,0
100,DRONE,28.251664048656796,68.03881805681605,65.24974421591386,2.6748335594278503
101,PIGEON,159.63516523833124,-32.086524992566005,0.0,0
101,DRONE,26.29024297453401,69.44484539845618,62.91078867933124,3.074629537047029
102,PIGEON,162.75490170591783,-33.85781768046419,0.0,0
102,DRONE,24.844279384296414,70.49954790791715,62.88003563639234,-2.7660838460856416
103,PIGEON,164.06885902230283,-35.58816153842842,0.0,0
103,DRONE,29.21504109597496,73.53096930749781,61.04599612953658,-2.556818365218598
104,PIGEON,163.75251736328957,-37.202821371985834,0.0,0
104,DRONE,24.81644510922743,70.2404412847861,64.49923700172837,-2.394957309561688
105,PIGEON,164.16622973992287,-39.98349768291576,0.0,0
105,DRONE,27.573838597034992,74.25577025968357,60.09070331810569,-2.241753317268213
106,PIGEON,163.21056932482628,-41.78867402333102,0.0,0
106,DRONE,26.95104167776328,73.25059786058566,62.82110466386998,-2.604481809870459
107,PIGEON,161.0449039012801,-42.674763690410714,0.0,0
107,DRONE,24.287804277146908,73.43875190614742,67.73209575001657,-2.336061440159309
108,PIGEON,158.4425691132703,-42.121954480103625,0.0,0
108,DRONE,28.02460620529973,68.92633543134117,70.8890462819166,-2.1812274529370947
109,PIGEON,157.53575968388085,-41.18860831953068,0.0,0
109,DRONE,24.905625198629068,69.26644316389071,67.63633253839173,-1.9615242887618987
110,PIGEON,155.6396355914842,-39.30763112324778,0.0,0
110,DRONE,21.664118259401842,73.66559298070108,65.56802274499302,-2.2833046215222756
111,PIGEON,154.57506893733745,-38.97044577312458,0.0,0
111,DRONE,24.76791694799095,72.17728953136904,63.748112700413934,-2.5083849662422835
112,PIGEON,155.06585595168912,-38.27878123727386,0.0,0
112,DRONE,27.566998632193044,70.92280511189514,61.479084873802684,-2.2601456203651655
113,PIGEON,156.35957406003956,-36.42174708576812,0.0,0
113,DRONE,31.737969011925838,68.81335862092466,64.99112473440046,-2.0026627477963173
114,PIGEON,156.57078606158404,-33.59216982518154,0.0,0
114,DRONE,27.810352340879064,73.15612993667729,69.2599643709526,-1.8497385599193152
115,PIGEON,156.73782052273958,-32.54537308069746,0.0,0
115,DRONE,32.58701369048329,68.50666334836129,72.97895397911674,-1.375584459762713
116,PIGEON,157.61123280249492,-30.289043898141937,0.0,0
116,DRONE,32.16493015934727,67.31113123678746,74.36880410736482,-1.5540699315385849
117,PIGEON,159.29508574237545,-29.460008018315275,0.0,0
117,DRONE,30.10401470574653,64.51294921415038,69.40085705250253,-1.9612305847324476
118,PIGEON,160.8345355677717,-30.213683998281244,0.0,0
118,DRONE,30.88743224769017,66.45228945550532,65.331984055532,-1.7940183776003815
119,PIGEON,162.46138954646884,-29.41153616962615,0.0,0
119,DRONE,28.849423944813083,63.960023401093586,63.943378040895325,-2.0780199443567486
120,PIGEON,165.42246532281789,-28.59332828819054,0.0,0
120,DRONE,25.406951476614736,61.72961678445828,64.60261454179185,-2.1696419376233935
121,PIGEON,168.63717900315726,-29.252570050435246,0.0,0
121,DRONE,22.560557673582334,64.14274206181324,68.12394968997518,-2.331618239996171
122,PIGEON,170.9034019204613,-31.208549250125824,0.0,0
122,DRONE,23.751728621523878,69.07051788863346,70.09490180970019,-2.356208740599654
123,PIGEON,174.32114948277945,-33.56113912285285,0.0,0
123,DRONE,26.364483401599887,64.81013696435855,66.797195987807,-2.0580173874009753
124,PIGEON,178.10697347998973,-34.357064967296644,0.0,0
124,DRONE,25.310976257344272,61.12532507587141,63.72108576684442,-2.063171875737445
125,PIGEON,180.10175520518345,-34.568465453781705,0.0,0
125,DRONE,26.252643964868852,63.42286739949627,61.296067587298545,-1.7107256118375087
126,PIGEON,182.00943689910707,-36.25451034970869,0.0,0
126,DRONE,23.658483195064115,67.78917951837339,65.63401458344205,-2.1101711011232283
127,PIGEON,184.63846588913987,-38.96276786027805,0.0,0
127,DRONE,21.997268365530978,71.97810471544003,61.93249560992859,-1.7923438805481426
128,PIGEON,188.47699882939787,-41.686587580873095,0.0,0
128,DRONE,26.653582059229525,67.26731546159779,63.19133666223949,-1.9927140175716458
129,PIGEON,190.8984057847219,-43.050667273270065,0.0,0
129,DRONE,28.823037066673386,64.2250091110656,64.53254261956742,-2.276696567118874
130,PIGEON,193.9504033536679,-43.05836356328791,0.0,0
130,DRONE,29.840897875418413,59.9530709346019,60.264218593591295,-2.153699132634663
131,PIGEON,196.65216055788983,-44.56461385248539,0.0,0
131,DRONE,32.80610574784915,62.99994096623027,56.544771621931154,-1.7683218968220107
132,PIGEON,200.42431261826204,-45.24728255828384,0.0,0
132,DRONE,36.30896761857902,59.453897970883745,55.23920496912825,-1.6361274946828512
133,PIGEON,205.31047472301364,-45.699674366046544,0.0,0
133,DRONE,41.01252111688307,60.67370706451537,53.865867367523535,-1.9177214309085535
134,PIGEON,209.09627480310678,-47.476413447758794,0.0,0
134,DRONE,39.12829268856449,62.60370582713445,57.54678479962956,-1.9382758939129947
135,PIGEON,213.6884240179133,-48.15572706570404,0.0,0
135,DRONE,37.87545902318516,66.18372539756739,53.75057383317656,-2.3793693652137393
136,PIGEON,216.5680382983703,-47.94298011935555,0.0,0
136,DRONE,35.748646372952244,64.3658275421586,53.49825876021639,-2.0919301200016602
137,PIGEON,217.6897394003713,-48.050241605741945,0.0,0
137,DRONE,39.19044853655221,65.67386069083686,54.88796487828802,-1.9130528109209162
138,PIGEON,217.87829075219824,-46.891391575764274,0.0,0
138,DRONE,42.513637076957984,65.10786260603774,51.4441551625515,-2.1777545795934707
139,PIGEON,217.5373714488766,-47.258842014739386,0.0,0
139,DRONE,40.373027873882016,64.48432612125869,51.53913203923889,-2.1122588482709754
140,PIGEON,216.23704724319245,-48.71336413568504,0.0,0
140,DRONE,36.076787018668576,62.97310309479562,54.39939250418698,-2.495315649477956
141,PIGEON,213.56784010103956,-49.965401163582165,0.0,0
141,DRONE,32.21709819663001,58.196709367111225,57.871766859706945,-2.0519107082665493
142,PIGEON,211.71688907930073,-52.4872360178088,0.0,0
142,DRONE,34.62077428379867,60.31807028650054,59.454080610512875,-2.477018778471642
143,PIGEON,211.03237656733245,-53.62244253913986,0.0,0
143,DRONE,37.24602051592784,57.93888671979479,61.00326542585697,-2.565733304248423
144,PIGEON,211.8336532235892,-55.13520195350606,0.0,0
144,DRONE,33.88343267103362,54.93632932159277,64.90604947460487,-2.502362076116568
145,PIGEON,211.8702599140267,-57.8313770889713,0.0,0
145,DRONE,32.23217588489718,52.49509930431705,69.54290781161525,-2.347710295068076
146,PIGEON,211.2173383807896,-61.591945840911535,0.0,0
146,DRONE,35.469625566634946,55.206450649522296,69.41225514667428,-2.4204847185135265
147,PIGEON,209.6690709256518,-66.12848830770193,0.0,0
147,DRONE,33.56929734284069,59.80520811668133,71.22656046241572,-2.1382072763889655
148,PIGEON,206.81594757208916,-70.55681331637155,0.0,0
148,DRONE,35.285942711669605,61.704570601675336,68.19849696942762,-1.9821566623221045
149,PIGEON,205.74671269667948,-74.60764754946905,0.0,0
149,DRONE,30.831293156951663,61.38548235172131,69.07477177402575,-1.5537639006341601
150,PIGEON,204.93137625286863,-76.7606162722316,0.0,0
150,DRONE,26.738792762432933,64.32739371804753,69.20139747918606,-1.3527697040516702
151,PIGEON,203.54681824778453,-80.04977532563082,0.0,0
151,DRONE,28.38425023507776,66.5136538717251,65.88482290367071,-1.2026466642475824
152,PIGEON,203.79941616877747,-82.94758509107815,0.0,0
152,DRONE,32.551010908908836,67.7205068572017,64.22278164228231,-1.5246640239482347
153,PIGEON,202.65103986626897,-86.15345148162051,0.0,0
153,DRONE,29.550408609852575,70.75351918240146,61.76920991509729,-1.3891987269934587
154,PIGEON,203.0674444060482,-89.42300285257384,0.0,0
154,DRONE,31.108868731222334,73.40306372552342,60.25383686716027,-1.7547570995213997
155,PIGEON,202.1905389544265,-93.19223283963436,0.0,0
155,DRONE,35.55151085642817,76.2289291872484,57.22669038786046,-1.7881405464042024
156,PIGEON,201.41295732119227,-98.08449471503887,0.0,0
156,DRONE,38.144963447336025,74.43117421141513,55.42522402331219,-1.6457667296718905
157,PIGEON,202.17266648896398,-102.1414603671876,0.0,0
157,DRONE,36.74977849421354,72.7295238996345,60.05891626582545,-1.5512721024440665
158,PIGEON,204.2938786949797,-106.2212952327382,0.0,0
158,DRONE,41.73203384332414,73.40708158657756,63.48701199933791,-1.2115378078839303
159,PIGEON,204.7250694920323,-109.63661000438626,0.0,0
159,DRONE,36.82325353593618,72.56906630633142,67.31758206508667,-0.7768389245283744
160,PIGEON,203.91750597607785,-113.61618377424095,0.0,0
160,DRONE,39.09484114334601,74.09279529631196,66.66966177399864,-0.6532872614750262
161,PIGEON,201.84558836326187,-116.53396443676682,0.0,0
161,DRONE,42.40776115386424,77.74421154934211,63.78981845600258,-0.4732990280361893
162,PIGEON,199.38870766851886,-120.5381370649807,0.0,0
162,DRONE,45.457569635128834,77.01564387659131,59.46052700858744,-0.0007832153025963962
163,PIGEON,198.28776992987017,-123.13326262603482,0.0,0
163,DRONE,48.99606459556148,76.65150264604432,58.688725760351716,-0.49404271087345597
164,PIGEON,196.30559630373688,-126.59460450527732,0.0,0
164,DRONE,45.20772524520949,73.54824824421252,63.24567546201599,-0.16907660948663406
165,PIGEON,194.59201800769844,-131.20816026510494,0.0,0
165,DRONE,41.81073700899335,73.79052555428926,62.89595866452363,-0.13615431182284254
166,PIGEON,193.75533738847548,-136.6840724725693,0.0,0
166,DRONE,41.49599417816023,72.06984940045803,66.60096366284786,-0.32062547488016957
167,PIGEON,194.5023231403363,-141.61014208320813,0.0,0
167,DRONE,40.54322017296796,71.63053167814985,62.86756758571103,-0.7751285094624021
168,PIGEON,193.9818456292829,-145.13403758460353,0.0,0
168,DRONE,37.33689143970861,70.98061793063799,66.41424198270063,-0.972973282418887
169,PIGEON,192.01341632377358,-148.3067101519146,0.0,0
169,DRONE,41.44063331288219,74.54500296970456,67.65297064705949,-1.1442528406106824
170,PIGEON,190.09872635278623,-152.65527364501938,0.0,0
170,DRONE,41.28934823810876,76.52523848635782,65.3890250410624,-1.0728470319372931
171,PIGEON,189.64846184647428,-157.36244271316005,0.0,0
171,DRONE,39.18158439003729,80.43314868532973,61.96135615626043,-1.5347383151820555
172,PIGEON,188.14315374584353,-162.6186232161318,0.0,0
172,DRONE,35.32229585303275,81.81092406152419,65.94658321290575,-1.6157525673916595
173,PIGEON,188.19126899635148,-166.81825015864632,0.0,0
173,DRONE,40.038683341605946,78.49859889148406,67.63735439492712,-1.7896079579968847
174,PIGEON,187.735344124664,-169.18342835137855,0.0,0
174,DRONE,38.62897020716798,79.3296717009913,68.80129415949982,-1.911430147559417
175,PIGEON,188.4849618167718,-172.26314908947444,0.0,0
175,DRONE,40.82523457694166,78.55798461379484,70.25037760348366,-1.9075782430275408
176,PIGEON,187.93698470983435,-175.90390205160318,0.0,0
176,DRONE,42.48935154870923,76.34586472480349,69.63728018904389,-2.0481208559377913
177,PIGEON,188.4249618069426,-178.04597320753308,0.0,0
177,DRONE,41.952365477238445,74.90348318686047,66.37606801273095,-2.390816415494983
178,PIGEON,188.00372362940962,-181.2025282627807,0.0,0
178,DRONE,45.69378438340424,78.77960026914714,61.768629075692495,-2.8286389766545845
179,PIGEON,186.2235751614151,-184.57924813829314,0.0,0
179,DRONE,47.44809363493996,83.44671827351519,57.697196957784676,2.95715698787862
180,PIGEON,185.2925633618695,-188.95978605520008,0.0,0
180,DRONE,44.99572045589787,83.27956833864839,54.54351247217506,-3.1126024121740787
181,PIGEON,184.93296547837318,-191.48057509391884,0.0,0
181,DRONE,40.02686396203834,88.11789866101557,58.469638734911115,3.025800885203136
182,PIGEON,183.1265941273099,-193.5223445119974,0.0,0
182,DRONE,41.282464059164084,89.9355868494337,53.975986130134466,3.003287072972806
183,PIGEON,180.89781334851054,-193.98649793278355,0.0,0
183,DRONE,45.80473264915184,90.20628336739004,58.96085871792863,3.0799220383035752
184,PIGEON,177.9109342121348,-195.53899820272318,0.0,0
184,DRONE,41.52958948387605,88.76123279174992,63.39983936051742,3.090741764357717
185,PIGEON,175.1990336302199,-195.43643583664544,0.0,0
185,DRONE,38.283623692975496,92.95147579229656,60.74006840748373,2.770573716274205
186,PIGEON,173.8850403252133,-194.35392351587709,0.0,0
186,DRONE,43.151843384685584,95.50781083201232,57.418698173830315,2.8982192704949856
187,PIGEON,174.0464142165637,-194.04580833317485,0.0,0
187,DRONE,47.28256277688959,100.24983878582472,54.31563832184071,-3.0856753270981017
188,PIGEON,174.48481972839502,-192.29743297469938,0.0,0
188,DRONE,47.88528813707193,99.21587418655938,54.88027121181435,2.9207462519013045
189,PIGEON,176.28927990993986,-190.2118448973828,0.0,0
189,DRONE,49.83874329140814,103.40367064467087,55.87843498885185,2.776823983387544
190,PIGEON,178.13986945218707,-186.85202650120434,0.0,0
190,DRONE,50.2186280007583,107.26190770371296,59.43233369810957,2.4931329987462467
191,PIGEON,179.7759580064326,-182.32847891777016,0.0,0
191,DRONE,48.61967977621567,104.79270372895557,57.87701384952147,2.679238845844445
192,PIGEON,181.6113462328451,-179.71272327750742,0.0,0
192,DRONE,44.57958755608328,105.80033588403961,59.83100905834834,2.328407052346785
193,PIGEON,182.19033225360215,-178.4068581151855,0.0,0
193,DRONE,41.416274717490815,101.63048149512177,63.97809180665061,2.643489855697423
194,PIGEON,184.16769630642779,-176.87205428358547,0.0,0
194,DRONE,45.05250457998063,105.67750107541684,67.85283738637881,2.4054792557232947
195,PIGEON,187.18636350031605,-174.64528361656198,0.0,0
195,DRONE,48.13544942923771,105.08378486051564,66.40391902470033,2.72988809916449
196,PIGEON,189.1341624168606,-173.92907067870684,0.0,0
196,DRONE,43.502932638068316,103.05567022879379,67.24276348157771,3.0306100988867035
197,PIGEON,191.09765724528106,-171.79931913316736,0.0,0
197,DRONE,43.572484016473254,102.21099479381306,66.7784063017938,-2.863272363265162
198,PIGEON,194.36434263757687,-169.84539916624533,0.0,0
198,DRONE,40.35970870121243,98.36740504976922,71.1013128121399,3.0891848893580427
199,PIGEON,196.39258585450042,-169.27795004570078,0.0,0
199,DRONE,37.07777102473464,96.19857381572263,70.98016762010673,2.8394761884131468
200,PIGEON,199.29697984028505,-167.72522244408026,0.0,0
200,DRONE,41.29441058907632,95.34258732621183,72.89611592470214,2.6381723106784776
201,PIGEON,201.03575963063247,-165.10954386607494,0.0,0
201,DRONE,38.65714313668316,100.0747986610966,69.61637390060412,2.701458987171402
202,PIGEON,202.9559616167019,-161.29811993973001,0.0,0
202,DRONE,33.91905761984734,103.81187045411207,66.36193817601826,2.8052416478283746
203,PIGEON,203.78389270572845,-159.0676503396501,0.0,0
203,DRONE,32.753132248600046,103.88079966793424,66.30822524685505,2.6000526803159634
204,PIGEON,205.87539347597118,-156.398935611079,0.0,0
204,DRONE,30.15457448403882,100.17083919395701,70.00012196099885,2.255752345655555
205,PIGEON,208.30257656861707,-155.39464652394858,0.0,0
205,DRONE,33.12402523811656,99.80245236800742,72.24046459007202,2.0917975485580342
206,PIGEON,211.54070975211837,-155.55839249825218,0.0,0
206,DRONE,29.142467978535095,103.29297017631495,75.45343087614955,2.4161823982324284
207,PIGEON,213.57884975821443,-154.48826282288985,0.0,0
207,DRONE,29.85225312438475,98.93193256784625,73.45577967124426,1.939784008697023
208,PIGEON,216.10816775585158,-152.1958658167479,0.0,0
208,DRONE,34.49626357420777,101.68257645174869,73.1048488387573,1.4868186543963988
209,PIGEON,219.47090577356917,-149.09837794676181,0.0,0
209,DRONE,29.92017768459712,101.03635586908985,76.13164752683726,1.163213337280503
210,PIGEON,222.89109955587006,-147.75804241048817,0.0,0
210,DRONE,31.27017024412341,96.12195262357213,72.23516184879045,0.9226623361831106
211,PIGEON,225.3596825188358,-147.92228713393806,0.0,0
211,DRONE,28.138644851898576,96.4399750794027,70.34591716991355,0.8259936113100221
212,PIGEON,228.2926167044705,-146.7494329307123,0.0,0
212,DRONE,31.098727138203323,95.3831697667458,73.7433016790161,0.350009659205198
213,PIGEON,229.50931321035233,-146.16844778412124,0.0,0
213,DRONE,29.776087735875365,99.3223012942375,76.55196344919652,0.7442197456348802
214,PIGEON,230.32624383788067,-144.17156573667637,0.0,0
214,DRONE,26.603035936793628,98.92694421471542,77.66113033199764,0.7270442494630691
215,PIGEON,229.6571357070318,-142.9014517267968,0.0,0
215,DRONE,27.908823099685048,101.65596360394397,81.03581466082036,0.3981757905941681
216,PIGEON,229.08853085768047,-143.25797291872186,0.0,0
216,DRONE,28.77644834431776,98.48042181378791,78.08438858850873,0.5101789133901287
217,PIGEON,229.9834962162692,-143.05810429523746,0.0,0
217,DRONE,29.001623550183915,93.72858074687694,81.9083839057295,0.21673541216608827
218,PIGEON,231.28003685099057,-141.46088401794327,0.0,0
218,DRONE,28.1399464892943,94.81107240322875,77.69889987237543,0.4303545576550105
219,PIGEON,233.79858402983206,-139.37299081306963,0.0,0
219,DRONE,27.199262300299786,96.72433706605459,80.56272033970144,0.3810510702062708
220,PIGEON,237.5313976707853,-137.1768874275565,0.0,0
220,DRONE,28.54914702961781,92.06596918640709,81.04920206723658,0.24404721045040834
221,PIGEON,239.65330525128837,-136.0479114057967,0.0,0
221,DRONE,24.558157182809047,95.1755010829423,85.77383354400494,-0.18219647622132484
222,PIGEON,242.7387889602214,-135.96326855902868,0.0,0
222,DRONE,27.45065834670906,96.94643387194304,84.96487272103141,0.2840675397525825
223,PIGEON,244.01578641577626,-135.90074080826022,0.0,0
223,DRONE,31.174972887274365,100.78545640812351,87.34239565715407,0.6194331418795991
224,PIGEON,246.66269704984202,-135.75987553506545,0.0,0
224,DRONE,33.97244860314389,101.44623288098823,92.13878080547612,0.20055168249418287
225,PIGEON,249.66587526489042,-136.99853091793327,0.0,0
225,DRONE,35.10387238379587,103.179742997535,95.54592338978972,0.552502748748203
226,PIGEON,252.041094477639,-136.64954097942862,0.0,0
226,DRONE,30.169338746068224,100.52436108988405,96.73820941500153,0.7254042772921214
227,PIGEON,252.9971880974387,-135.41143014341688,0.0,0
227,DRONE,28.865558429564842,101.18858033587662,96.02036707442811,0.664452796149809
228,PIGEON,253.90107904003017,-135.79650221173586,0.0,0
228,DRONE,33.10641320619968,98.58733762256769,98.1187763786293,0.3929695208611892
229,PIGEON,253.2157034827162,-136.0850453489228,0.0,0
229,DRONE,34.36572756306256,98.21712392834154,95.47228417329214,0.40893538044523936
230,PIGEON,253.95886841315976,-136.9774995488632,0.0,0
230,DRONE,33.77943910766819,94.84955383625592,91.2550960855862,-0.042010269920016885
231,PIGEON,255.85266103629786,-136.91496486978104,0.0,0
231,DRONE,35.193348317057,89.95179947052681,89.73580227356442,0.12974968212972815
232,PIGEON,256.653831840675,-135.66112243681144,0.0,0
232,DRONE,34.102000289651016,86.07430864482188,87.16027818967173,0.46286250475482094
233,PIGEON,257.0486548502488,-133.06856947012096,0.0,0
233,DRONE,34.38582017346327,84.19492485474966,89.2012338944199,0.6488164442661479
234,PIGEON,257.08024253013855,-132.19991645315636,0.0,0
234,DRONE,31.245537996860463,82.33346204039536,84.54024689793522,0.8281743697310966
235,PIGEON,255.6139819872847,-131.54423753867079,0.0,0
235,DRONE,27.3909613905051,78.97751685934645,80.841658921781,0.7382555825742356
236,PIGEON,252.80491298664728,-130.77640529576837,0.0,0
236,DRONE,24.7128738498468,82.69932767361605,81.63037350041601,1.0975547175037423
237,PIGEON,251.7765848185843,-130.0630365161102,0.0,0
237,DRONE,28.371703819454403,80.25336854301483,86.29550048231724,1.388371252763939
238,PIGEON,249.91988312463414,-130.59695305686446,0.0,0
238,DRONE,28.97398475177809,83.58731878379659,87.72841240549167,1.6110373770562996
239,PIGEON,249.14937492058343,-129.8778706152852,0.0,0
239,DRONE,29.566049709086315,85.02116787311593,86.84927941424063,1.2530551136772754
240,PIGEON,247.3536872629879,-130.24808937058853,0.0,0
240,DRONE,29.84028178578266,84.1405968324531,84.95695100654675,1.5420358335938786
241,PIGEON,245.38982047073702,-132.04042003205157,0.0,0
241,DRONE,27.801814882212593,81.08346501916647,87.40141116114329,1.3824655673089392
242,PIGEON,243.47495534918372,-132.16077597559874,0.0,0
242,DRONE,24.102790083503137,78.08446869938501,86.11163748965555,1.421956645313661
243,PIGEON,242.2507655102949,-133.6835964364494,0.0,0
243,DRONE,27.446882983015833,79.8318165779376,90.79602486638855,1.1818270822404582
244,PIGEON,242.56363298702198,-134.55533791178405,0.0,0
244,DRONE,28.233798387093234,81.10573122498649,95.29878996414384,1.1391781261924283
245,PIGEON,241.48280093568187,-134.7123453517324,0.0,0
245,DRONE,30.14369332828779,84.42716495306912,97.14444734984623,1.147656033908092
246,PIGEON,241.61193613792693,-135.87141996901454,0.0,0
246,DRONE,26.400387951372572,79.58208699469672,95.91839584495365,0.7595952686197691
247,PIGEON,240.56122572076234,-137.85706761410194,0.0,0
247,DRONE,24.07470902744408,78.67466803601097,97.58142685590047,0.8655603697957392
248,PIGEON,239.16143986619454,-141.07374868013954,0.0,0
248,DRONE,22.282715566016012,74.44931016590427,100.0465208553968,0.44712824826477293
249,PIGEON,236.45044413065386,-143.58921976718415,0.0,0
249,DRONE,19.687326557041775,77.0018932963379,98.89905791143433,0.8633643053406477
250,PIGEON,235.04899696479538,-146.93555941396954,0.0,0
250,DRONE,16.194935201621988,74.09714787053642,102.35750272709609,1.1608584990829058
251,PIGEON,235.28061479231403,-149.8017005232635,0.0,0
251,DRONE,13.818861812953488,72.94946422334226,98.82345769535263,1.165620270020895
252,PIGEON,235.20251037433883,-153.8536008086157,0.0,0
252,DRONE,15.556515196250514,73.24937157271214,101.42578263265372,1.3243141357392112
253,PIGEON,236.52179940724875,-156.93545793562043,0.0,0
253,DRONE,12.41252622704893,72.52369782465321,98.03783761283562,0.9653748017548098
254,PIGEON,238.56360207972105,-160.94198292477944,0.0,0
254,DRONE,17.311072605604714,69.16221417709112,102.71281896056794,1.1997829807056934
255,PIGEON,238.95012690739026,-164.9277446309711,0.0,0
255,DRONE,13.33659823209192,71.20201899385924,106.9339342703647,1.6084486243753977
256,PIGEON,240.6736378247874,-169.11294230256124,0.0,0
256,DRONE,12.771825163441218,70.02182637173901,102.38184535704727,2.029770078691766
257,PIGEON,243.7183692238918,-173.01834278217834,0.0,0
257,DRONE,8.550877682444323,65.79023947959497,99.63819126741384,2.0367496576352337
258,PIGEON,245.73156659180887,-177.84521786883477,0.0,0
258,DRONE,7.5494232848787455,61.50065641355193,102.42325029213866,1.717697957728836
259,PIGEON,248.41807976228824,-180.97079448868567,0.0,0
259,DRONE,3.888803454398174,64.94583334825305,106.63126074986342,1.5822832313530188
260,PIGEON,249.5539001408952,-183.0051160391586,0.0,0
260,DRONE,5.402176599076706,68.6435927117447,103.45744526450366,1.8862591142205112
261,PIGEON,249.08021118532878,-184.94646588242978,0.0,0
261,DRONE,3.077147673897459,71.64148608962687,103.83078432052314,1.567431248147206
262,PIGEON,247.29357229743232,-186.06159476300422,0.0,0
262,DRONE,4.682341658835784,71.77937839076323,106.86642590210565,1.649285777289153
263,PIGEON,246.06391543431644,-185.61370278599424,0.0,0
263,DRONE,8.892984166768336,76.74996740419671,103.37186736944463,1.8657350520898817
264,PIGEON,246.44456673075297,-185.40505401865772,0.0,0
264,DRONE,5.416626130274938,79.3182568341213,98.71386752256326,1.4297207491852202
265,PIGEON,248.104541087573,-184.49999170153094,0.0,0
265,DRONE,4.031315394743677,80.60290546863685,101.78048861237077,1.617763589271795
266,PIGEON,248.22812471485003,-184.29537185404791,0.0,0
266,DRONE,6.405524639134864,76.48855308433473,98.35761268041354,1.928028882837836
267,PIGEON,249.7627114996221,-183.63788326812843,0.0,0
267,DRONE,7.652943628894279,77.14164500258431,102.96471391702951,2.422033167332388
268,PIGEON,250.32904404882458,-181.78673566486123,0.0,0
268,DRONE,3.778471998634178,74.21357826325266,107.7577034280368,2.6188684810346343
269,PIGEON,251.55879584257866,-181.43657682495456,0.0,0
269,DRONE,7.3248692135231925,73.7041667426967,107.940812305803,2.9551435838873994
270,PIGEON,253.80930150441154,-180.1509268587574,0.0,0
270,DRONE,10.289351758486363,71.10069398981653,103.00403690078757,3.007321638197671
271,PIGEON,254.95176747253603,-177.78127016092444,0.0,0
271,DRONE,7.906997391876846,73.87105836662876,99.46076932617322,-2.8280541146452327
272,PIGEON,254.69377021343982,-176.42036069335913,0.0,0
272,DRONE,5.375904444281856,78.73692652849743,102.3436955759138,-3.1303346426695384
273,PIGEON,254.5185795973187,-173.6966258329149,0.0,0
273,DRONE,3.677891300866346,82.24061628199206,97.86367036564177,-2.6879778348191308
274,PIGEON,253.65896288133453,-172.57088619316409,0.0,0
274,DRONE,2.318025048521578,82.31878359086754,93.5015139812127,-3.0294883739630687
275,PIGEON,251.41886338468436,-171.87322116929522,0.0,0
275,DRONE,-1.9014926527902056,81.5852764429869,93.30342947352948,2.944565907040066
276,PIGEON,249.7119149568949,-169.7775243770627,0.0,0
276,DRONE,-5.583410565633967,79.75236687013442,93.68830671557046,2.7369717489154617
277,PIGEON,249.03565594366032,-166.66241014969452,0.0,0
277,DRONE,-1.1150526442016924,78.02176993930972,92.55418612073768,2.899493166811788
278,PIGEON,248.3029295684216,-162.36394920789098,0.0,0
278,DRONE,-1.9560123866440777,73.92829416818644,94.32337745938759,-2.9733779104614086
279,PIGEON,246.70151362620126,-157.32798385521096,0.0,0
279,DRONE,-3.590718809747787,78.49993783356992,96.28501398991779,-3.0418583535623718
280,PIGEON,244.19099878232615,-151.74360517166704,0.0,0
280,DRONE,-2.7237059502019,80.08666068308486,97.11967232209147,-2.640564252182501
281,PIGEON,241.3537184494462,-145.3334217681716,0.0,0
281,DRONE,-1.8558915153862,81.9478516668937,100.61095226179296,-2.3062985990092213
282,PIGEON,238.50956246111133,-138.09267609627037,0.0,0
282,DRONE,-2.478866790551817,82.50825089677515,97.1359267474896,-1.8552196745165008
283,PIGEON,236.2750794077545,-130.11169366825007,0.0,0
283,DRONE,-4.8471907552184,84.85596164917902,101.63107124155532,-1.4226160421773457
284,PIGEON,233.7088149720044,-121.53535335140859,0.0,0
284,DRONE,-8.386679832165747,83.55663043581119,96.97276813403128,-0.9502073149444019
285,PIGEON,232.89296951783487,-113.95296965019526,0.0,0
285,DRONE,-9.756278695523449,82.20419381386388,100.45535865767121,-1.1317153806631017
286,PIGEON,230.6973121131117,-107.46693713388105,0.0,0
286,DRONE,-13.677384509896942,82.27411276897197,102.5835939085749,-0.8137568092593179
287,PIGEON,229.27719574195038,-100.23634905861647,0.0,0
287,DRONE,-8.963123359865403,86.98050521019319,107.32288192175133,-0.589599342727952
288,PIGEON,226.54869100264264,-94.11136367233547,0.0,0
288,DRONE,-9.090104930013174,82.62567768481124,106.4135534639823,-0.8569265772730357
289,PIGEON,224.6574854819283,-89.98862414335348,0.0,0
289,DRONE,-14.055669662632344,84.73218483110456,102.89994552591662,-1.0334464884526247
290,PIGEON,223.97706750402963,-87.37642836675744,0.0,0
290,DRONE,-12.60445530764938,86.87791570298904,105.37409205494713,-1.4849535731690406
291,PIGEON,223.90444073764482,-86.4249772896705,0.0,0
291,DRONE,-16.078851599096122,87.34700676215837,103.14677197335496,-1.760676727327933
292,PIGEON,224.12590692451639,-87.04099206955082,0.0,0
292,DRONE,-18.03198130841115,90.93222294026754,103.08608439286326,-1.2936938852659703
293,PIGEON,223.61442037247494,-86.2745137568343,0.0,0
293,DRONE,-20.887665442605435,92.83670149392044,104.66619507976793,-0.8952620922388932
294,PIGEON,223.30149603067642,-84.09194443645198,0.0,0
294,DRONE,-17.80358102515637,95.15991249509919,101.13246514366543,-0.7482386707540769
295,PIGEON,223.0873078689272,-83.626115060097,0.0,0
295,DRONE,-13.961302325087658,92.1170542052651,96.39704333030674,-0.9975598252709608
296,PIGEON,224.30298748983995,-83.72288364626132,0.0,0
296,DRONE,-12.793506788490797,92.74195387211493,99.0569494477827,-0.7145370629522212
297,PIGEON,226.60559551878393,-84.6985340468976,0.0,0
297,DRONE,-15.347918924118101,95.43643389205924,95.06472755862764,-0.21980091143819713
298,PIGEON,229.54040254414423,-86.80387777158506,0.0,0
298,DRONE,-18.58929850882758,91.16428611172107,93.94443136909375,-0.4617418199944052
299,PIGEON,231.41971927518952,-87.40665717860472,0.0,0
299,DRONE,-13.846716475810316,90.00946414543334,98.72162772040434,-0.7977606138698006
300,PIGEON,232.155161476078,-86.79322904024248,0.0,0
300,DRONE,-11.601446880483774,86.82008766726179,95.81224215331618,-1.1709021315605348
301,PIGEON,232.77636718875146,-84.74169578258275,0.0,0
301,DRONE,-16.472658516493567,91.72774833556134,91.17026235881706,-1.5145928303927139
302,PIGEON,232.7907309864578,-84.29291330855416,0.0,0
302,DRONE,-20.89209353601136,87.96641965309553,87.70683851948493,-1.9991773045540406
303,PIGEON,233.01980936935513,-85.3733536364082,0.0,0
303,DRONE,-23.042673476885703,89.31763121416319,84.94817741961009,-2.2437185568062197
304,PIGEON,231.72602754304785,-86.3577032222648,0.0,0
304,DRONE,-19.44062746365287,84.54380140761353,89.88041333291544,-1.7963458047159486
305,PIGEON,230.9098593248183,-85.78460034524497,0.0,0
305,DRONE,-18.66119164384942,84.05381801860118,88.85502661133565,-1.9041939700948474
306,PIGEON,229.26801956967014,-86.4633067425686,0.0,0
306,DRONE,-15.710484519757252,86.8860433186687,89.7882323690756,-2.047977532955607
307,PIGEON,226.47358579829674,-86.35574448106914,0.0,0
307,DRONE,-14.918036087305657,86.34983506255753,91.54888009728366,-2.2185228721425685
308,PIGEON,225.40227709599347,-86.66610324152039,0.0,0
308,DRONE,-13.710960777159395,82.34198297159094,91.22998085130035,-2.560310379498163
309,PIGEON,225.81376033125977,-87.54338651354747,0.0,0
309,DRONE,-16.37522283534911,83.73612730759997,87.16692089682246,-2.5103922514083
310,PIGEON,226.7470812737096,-86.94260095333759,0.0,0
310,DRONE,-21.10283965590258,86.8997293066285,83.87301999852453,-2.1957849414556563
311,PIGEON,227.23897775970065,-87.86094559459754,0.0,0
311,DRONE,-21.721675508547175,90.96391881415525,80.17831949563184,-1.8835956595602963
312,PIGEON,229.1052572221828,-88.21476033555591,0.0,0
312,DRONE,-19.691821114915598,94.53920260997117,85.05515875819617,-1.507124683783149
313,PIGEON,229.3204629393288,-88.85784494729994,0.0,0
313,DRONE,-21.02410283029533,90.7083800528131,87.67177733638081,-1.2944326198263463
314,PIGEON,230.3001609228792,-90.71419059330356,0.0,0
314,DRONE,-16.29259970710809,92.02393613166458,88.11426014829944,-1.2901315830610591
315,PIGEON,229.77467945333623,-91.8655164756611,0.0,0
315,DRONE,-20.381094700390722,88.4492251950681,87.56528960313022,-0.8136432696565796
316,PIGEON,228.22582112633307,-91.85653735354902,0.0,0
316,DRONE,-18.353898237642678,83.98182006391498,92.49145388902392,-0.8999582325697171
317,PIGEON,228.22524391890403,-92.4038385035964,0.0,0
317,DRONE,-18.025373011305962,83.33305183927544,94.03420809552182,-0.7718456916418632
318,PIGEON,227.14247941659684,-91.85778269422408,0.0,0
318,DRONE,-20.625901329125135,82.98327288851144,95.81231758182423,-0.5299018518323839
319,PIGEON,226.32187400965108,-89.87424663454426,0.0,0
319,DRONE,-21.745370834903298,85.47807969206366,96.61400545619951,-0.6387935229990407
320,PIGEON,224.48722649316412,-87.06507249247346,0.0,0
320,DRONE,-19.767297536561742,82.25320892111077,94.20002167974629,-0.6347059710140472
321,PIGEON,221.42194724288896,-85.03714678212957,0.0,0
321,DRONE,-21.39662755047474,86.04420366957869,90.03527980319579,-0.45586083729247484
322,PIGEON,217.56502422726462,-84.2337860908035,0.0,0
322,DRONE,-19.451112139473384,88.06741579944702,87.51384043955704,-0.11214429834805895
323,PIGEON,213.70353190391023,-82.06241901127262,0.0,0
323,DRONE,-15.906507319204412,84.26911351056877,83.00774950344389,-0.3513240972527658
324,PIGEON,209.1273154723409,-79.08932756925776,0.0,0
324,DRONE,-17.13855040586052,80.87117738627765,84.81777138295428,-0.03419084719359766
325,PIGEON,204.0652425302217,-75.2474196488548,0.0,0
325,DRONE,-16.572336163623312,84.62484792301537,80.77346457979198,-0.5181114894052574
326,PIGEON,198.18072702282328,-71.09350603701219,0.0,0
326,DRONE,-13.881982093036068,79.62738460169852,81.2316729935112,-0.3260817756711356
327,PIGEON,193.80526388938887,-68.53925323212727,0.0,0
327,DRONE,-10.683672900676715,84.11925943167687,82.8923477081785,-0.026035248187961102
328,PIGEON,190.4548598275383,-67.62058104450443,0.0,0
328,DRONE,-14.581514811499758,80.52610110757963,80.2900600617668,0.03872540170629968
329,PIGEON,186.4557615633799,-65.66140413270665,0.0,0
329,DRONE,-10.405441902950708,82.62744042115459,75.51859822217165,0.27114501915692557
330,PIGEON,181.39158019203177,-63.57597150909906,0.0,0
330,DRONE,-9.06394478487868,82.1031243630567,71.47825796926688,0.08253381525934156
331,PIGEON,177.36911564827108,-60.297848652045374,0.0,0
331,DRONE,-7.505265971912425,85.24169350256541,73.05407896182773,0.19479278315173243
332,PIGEON,174.71631849612885,-58.49387866127767,0.0,0
332,DRONE,-8.615530250088042,80.36051993871413,74.34443045689247,0.49801689208164346
333,PIGEON,171.5827157550022,-55.569015266391574,0.0,0
333,DRONE,-11.100961512466135,76.25697490749937,72.1837692366387,0.3153765875620178
334,PIGEON,169.99094277388195,-52.07590439001908,0.0,0
334,DRONE,-12.106737824288423,80.01030032525834,72.74147407050374,0.04987035351202662
335,PIGEON,167.16797388583666,-48.36919932650713,0.0,0
335,DRONE,-8.835956036968446,83.03577232235914,72.51868817233363,-0.43003258984204384
336,PIGEON,163.85289082401678,-46.31779992848681,0.0,0
336,DRONE,-7.7639243111728655,79.37328136178382,72.54046018492743,-0.46408689713140117
337,PIGEON,159.8431795922818,-43.377445450922544,0.0,0
337,DRONE,-12.249339188016334,76.99723831601393,75.0846008787869,-0.18975891082831176
338,PIGEON,155.00466605736753,-39.87225663454913,0.0,0
338,DRONE,-13.220632410974453,81.63568544797933,79.93342552238563,-0.6207659961715164
339,PIGEON,150.8120419921929,-38.20880889860327,0.0,0
339,DRONE,-16.72839813142515,79.5859184270943,79.06332998769437,-0.34638505985499135
340,PIGEON,148.30330742336656,-35.90503480102452,0.0,0
340,DRONE,-15.54454989010155,76.69546084422667,78.34178501939346,-0.5576383793373818
341,PIGEON,144.74408772329596,-34.57760448177764,0.0,0
341,DRONE,-14.879524974364687,77.87032787244216,77.96624865604417,-0.08717114616337263
342,PIGEON,142.04217920575874,-31.969195565403798,0.0,0
342,DRONE,-9.888640523432183,76.43871062173775,76.14634279038788,-0.5673208268817183
343,PIGEON,140.96894790627513,-28.98561277018241,0.0,0
343,DRONE,-12.480798252305371,71.84636223452817,73.49637816312212,-0.373269813325261
344,PIGEON,138.6949894644791,-27.034557487649927,0.0,0
344,DRONE,-11.626019719794906,67.22425519955505,72.07530500805424,0.06076087289507992
345,PIGEON,138.14690643449418,-25.211087488719816,0.0,0
345,DRONE,-13.542054386605674,66.91563372175133,69.29511150251233,0.12497925621943384
346,PIGEON,136.15369859048477,-23.584129159107764,0.0,0
346,DRONE,-17.696817483182585,62.70425095692928,70.82556107196874,0.39674136790066505
347,PIGEON,135.74581878752485,-22.69343782766438,0.0,0
347,DRONE,-17.20477494020941,58.47594326849095,72.0825345359267,0.018316148514307518
348,PIGEON,133.9661481084061,-21.387215816664067,0.0,0
348,DRONE,-15.971571231543898,56.584887508580515,68.91530924740856,0.12134660948484566
349,PIGEON,132.81860260596838,-18.782021515397247,0.0,0
349,DRONE,-18.51322987882557,60.23124806037995,67.36084603069426,-0.22637951689210922
350,PIGEON,132.76682138754222,-15.302613239358159,0.0,0
350,DRONE,-23.492773407632786,63.67655800149283,62.954934709766896,-0.4117692316917543
351,PIGEON,131.93407967986195,-13.448637897350745,0.0,0
351,DRONE,-21.13486903886391,59.604873297192526,64.83268231936458,-0.9056833994778901
352,PIGEON,129.75440875110246,-12.23229703517292,0.0,0
352,DRONE,-20.42894413157513,60.71765859801073,60.87073026826591,-1.0485954923536505
353,PIGEON,126.70822146202957,-10.1013009003812,0.0,0
353,DRONE,-19.10469397246983,59.06326118714747,57.73929521296862,-1.18218940660807
354,PIGEON,125.42539064866645,-7.833998916560294,0.0,0
354,DRONE,-19.86170969110551,63.86880081945046,62.046561291216705,-1.1265005031113469
355,PIGEON,123.30545315102016,-6.9414787834488685,0.0,0
355,DRONE,-21.50968655782784,67.52012404403945,57.81038397837363,-1.2515788162718415
356,PIGEON,121.79357143076193,-7.584977696052541,0.0,0
356,DRONE,-18.821839641301985,65.21265984971436,54.54289474732563,-0.9169043129245313
357,PIGEON,121.91598270134553,-7.939627069022733,0.0,0
357,DRONE,-23.442837116153097,62.89933295894613,54.21447039602827,-1.292598710560793
358,PIGEON,122.19749324094683,-6.76862948087528,0.0,0
358,DRONE,-22.921863182189174,62.91774773549165,57.61555955062015,-1.4198892464252992
359,PIGEON,121.60020263250028,-4.479258295435955,0.0,0
359,DRONE,-27.798431143222707,62.95159065416877,60.19297603446864,-1.9174174331493588
360,PIGEON,120.6917642634176,-3.8722513446120566,0.0,0
360,DRONE,-28.121750949187255,63.34476614871593,55.897059490692044,-2.0570812406821166
361,PIGEON,118.44753849714728,-3.7893275655483034,0.0,0
361,DRONE,-31.397376087312594,65.03334743152912,58.026731582256225,-1.9351055250502365
362,PIGEON,114.93734379770953,-3.8842046960052135,0.0,0
362,DRONE,-35.46829153882037,68.81918792601817,53.61200518007747,-1.8639207315730193
363,PIGEON,110.31805439913815,-3.625985893689147,0.0,0
363,DRONE,-34.51777005176024,72.89026192217189,48.74335134168788,-2.259386016517787
364,PIGEON,104.72586174703547,-3.830917876552512,0.0,0
364,DRONE,-30.60993883329238,69.62494686603223,52.77586672676806,-2.296038375591678
365,PIGEON,101.12137931180304,-3.557739354949985,0.0,0
365,DRONE,-33.88808458253594,71.5343690327282,49.05699979523435,-2.305712474455145
366,PIGEON,98.39881845054539,-1.9054414994079827,0.0,0
366,DRONE,-31.8348632019004,75.2594850749952,50.61614722843676,-2.247590365402536
367,PIGEON,96.44294270939058,-1.8345442976496622,0.0,0
367,DRONE,-33.89525067811687,75.01715404491706,48.76110153442036,-2.543935416086769
368,PIGEON,96.12923122029085,-1.3739800750607496,0.0,0
368,DRONE,-32.67924188561623,71.43269082401815,49.10957792984648,-2.2857901182708993
369,PIGEON,95.12289954885752,0.35423870898978516,0.0,0
369,DRONE,-31.87195305163846,73.5006560702257,48.736219154826394,-2.238296665432437
370,PIGEON,95.18392132103692,0.7627040977884296,0.0,0
370,DRONE,-27.45580582336615,75.84890502004815,52.33218068008611,-2.2168121489953276
371,PIGEON,95.8802495868571,-0.22562502861981093,0.0,0
371,DRONE,-31.465364465181658,75.85966629265698,54.57704880164108,-2.4519179973521052
372,PIGEON,95.17804965037938,-1.8108489750351056,0.0,0
372,DRONE,-34.09611836879241,80.01649358679303,56.06530750140583,-2.7713323566010013
373,PIGEON,93.39170800441933,-2.279714938691681,0.0,0
373,DRONE,-32.16920613718839,84.18650313273545,52.23520578024367,-2.6804160006693056
374,PIGEON,91.67428790056194,-1.2057119739472968,0.0,0
374,DRONE,-30.538789739114502,88.436118587308,47.4862291477379,-2.726530624326289
375,PIGEON,91.37452479721905,-1.0743911951428462,0.0,0
375,DRONE,-27.61293431260144,84.83586262031956,44.58692889580799,-2.730723679375104
376,PIGEON,90.11365347064934,0.1697421932130787,0.0,0
376,DRONE,-30.05531358022838,86.91015721279994,49.12399795945766,-3.005716044401461
377,PIGEON,89.88207524530007,0.09187342535400744,0.0,0
377,DRONE,-26.568757813898756,82.68420336325197,52.712471010392875,-2.8649771711598286
378,PIGEON,88.76014140563318,1.2115365479946014,0.0,0
378,DRONE,-31.378221966968106,77.72418804062713,52.26846035567851,-2.6112445955315913
379,PIGEON,86.43755070218559,1.4936823781305142,0.0,0
379,DRONE,-28.119446893393402,79.92055038661599,49.46524875113904,-2.457354718028919
380,PIGEON,84.09721915936119,0.2685936671352165,0.0,0
380,DRONE,-29.90025901011167,78.50786949356902,47.483463116214246,-2.466327695166638
381,PIGEON,83.10468585224699,0.1707662051708294,0.0,0
381,DRONE,-30.705356043812394,81.76749482003241,48.82871423879887,-2.6131932273789835
382,PIGEON,81.56724527651433,-1.271921311887812,0.0,0
382,DRONE,-26.893491236925055,78.89402932799084,49.13258892862207,-2.9409635226603363
383,PIGEON,81.49635299816543,-1.8447058599222896,0.0,0
383,DRONE,-25.026125818357535,75.10649620316305,47.46697187794769,-3.1135151395137393
384,PIGEON,79.96034154392845,-2.6476182853613364,0.0,0
384,DRONE,-26.96639527205595,73.61966172911686,51.54307085686974,2.6857692703019023
385,PIGEON,77.616904662804,-2.2185329422541304,0.0,0
385,DRONE,-22.48886504256399,73.91953705901545,54.82360668477902,2.274116149666419
386,PIGEON,76.83516043875055,-2.5310296690250578,0.0,0
386,DRONE,-26.967226001460304,76.84844006687649,54.305520186665795,2.6686691952091834
387,PIGEON,75.30248727920177,-4.06231177019118,0.0,0
387,DRONE,-28.85076814434291,75.30901545446264,50.836317106037654,2.2605589614530253
388,PIGEON,73.88802775112954,-6.940056014888607,0.0,0
388,DRONE,-31.558004364842997,77.67357375663035,53.854784571628585,2.1287284121086945
389,PIGEON,71.18698765629865,-9.07096129075052,0.0,0
389,DRONE,-31.109729166048346,75.03868830853962,53.98102704261988,1.6951107838283042
390,PIGEON,69.42786636240959,-12.329919164665675,0.0,0
390,DRONE,-33.891618886645304,79.87672046028952,54.557853184725985,1.4243324814847629
391,PIGEON,67.774603126826,-13.764618002649309,0.0,0
391,DRONE,-30.952854089581557,81.19855948585698,55.69006281472497,1.4567000810052342
392,PIGEON,67.63395923420805,-15.715241756413567,0.0,0
392,DRONE,-33.381173559038714,83.24193490669218,55.92407649993555,1.9056045905641108
393,PIGEON,66.02389972626852,-17.6928100450031,0.0,0
393,DRONE,-31.24386865323619,82.57615177141349,58.931477901059075,2.1667749596033463
394,PIGEON,63.119050024904325,-19.834087387024027,0.0,0
394,DRONE,-32.840235918116974,84.49792689943945,59.36199163448491,1.6766854031147123
395,PIGEON,61.2879754902437,-20.481996413940628,0.0,0
395,DRONE,-33.0799563467649,79.94764941373263,57.99857376877677,1.981327398046946
396,PIGEON,60.966198952856324,-20.364244621599326,0.0,0
396,DRONE,-33.144587590113666,81.30509947107564,58.84605797138418,1.642862725145254
397,PIGEON,61.66071170992065,-21.39031229877117,0.0,0
397,DRONE,-37.37284441320877,82.23466345653829,60.53127435521831,1.931496736898393
398,PIGEON,60.9195208445753,-22.932929507676537,0.0,0
398,DRONE,-41.44972845722524,79.99459158016495,64.77073097494723,1.531567911938149
399,PIGEON,60.01873261855435,-22.839604659364745,0.0,0
399,DRONE,-43.15791419644568,83.36367059360619,69.42151383377886,1.5542717100701493
400,PIGEON,60.699923640905126,-22.599942405600174,0.0,0
400,DRONE,-41.07896566304242,87.05242560308679,71.31803626397883,1.7478466770079644
401,PIGEON,61.455624715947806,-20.891042800057946,0.0,0
401,DRONE,-43.709618345674485,91.37318216744886,72.9135868814663,2.1077748119168795
402,PIGEON,63.21738039488492,-18.313760341496963,0.0,0
402,DRONE,-44.602152541299304,89.04060709260882,69.64296353907314,1.6380190993590222
403,PIGEON,66.30295695235729,-15.997469971670325,0.0,0
403,DRONE,-44.03697205723072,85.80587728576351,69.37736447672995,1.8545914749205572
404,PIGEON,69.74490400774927,-12.568237871673292,0.0,0
404,DRONE,-41.650537444362534,89.44663733305669,73.86361024294449,1.9705925865358438
405,PIGEON,74.28685259394409,-9.887264926029548,0.0,0
405,DRONE,-37.56555929495831,88.52988464389513,70.95921297380049,2.378460213763544
406,PIGEON,76.90480063845486,-7.773840856456474,0.0,0
406,DRONE,-38.53942660522335,90.24631787432288,70.0267949355854,2.1295022821367677
407,PIGEON,80.07607562255679,-7.13095597694624,0.0,0
407,DRONE,-33.75857100880639,88.78301604848184,73.57325163884423,2.1000836616379743
408,PIGEON,82.86812270203211,-5.053645625226305,0.0,0
408,DRONE,-32.19108760751136,92.66711994103669,69.96060488001442,1.6188357216726157
409,PIGEON,85.25383397216258,-4.678669158647223,0.0,0
409,DRONE,-33.79056161779173,96.55541311878665,67.66321830684626,1.5395956557576014
410,PIGEON,87.0007012058228,-5.786798029393914,0.0,0
410,DRONE,-30.849468981544213,95.39527196648791,70.37492061044354,1.2101099291632176
411,PIGEON,87.08057097067312,-6.935799989019849,0.0,0
411,DRONE,-35.7648131720804,98.21862137880402,71.78766014913317,1.1365746249943545
412,PIGEON,88.65119991562362,-7.908583309425508,0.0,0
412,DRONE,-37.353670628214395,98.49152852383084,69.47890214268055,0.6657271727210854
413,PIGEON,88.73873461503706,-9.485259353966319,0.0,0
413,DRONE,-37.749293199748934,96.3785918523935,68.03625855328046,0.9358666626390049
414,PIGEON,90.06288296872114,-10.06816928203563,0.0,0
414,DRONE,-39.43895871664667,101.09395427901069,72.20335326810422,0.682038009501587
415,PIGEON,90.44816924305599,-11.857558092732361,0.0,0
415,DRONE,-39.55122520444888,103.21668035432883,75.33509232396194,0.8872782557980186
416,PIGEON,92.24766837467826,-13.841561458945867,0.0,0
416,DRONE,-43.06481122066077,104.75272163816607,75.4722487100742,1.3338631716193055
417,PIGEON,93.29177717530288,-17.012396715207185,0.0,0
417,DRONE,-44.964961693315686,104.13891296137425,73.09332848925618,1.7138656554757574
418,PIGEON,95.43880837715689,-20.756286829354003,0.0,0
418,DRONE,-41.60389715433379,102.41418641393777,71.03419101522177,1.4153461703687285
419,PIGEON,98.86279518162455,-23.967818787124017,0.0,0
419,DRONE,-44.434197748363665,103.38647378878346,66.06014015830408,1.2703309892590529
420,PIGEON,100.63589992092267,-26.12480050288083,0.0,0
420,DRONE,-41.76488807118817,101.58453970593078,68.07236681750172,0.9701018908269798
421,PIGEON,103.39272215175382,-29.01582825509009,0.0,0
421,DRONE,-37.59045327193192,102.43606727381491,63.974155358015906,1.4645101163722076
422,PIGEON,104.95826439794929,-30.429611516896767,0.0,0
422,DRONE,-35.21685941744407,98.11978690917357,67.84392482919685,1.0126628487258653
423,PIGEON,106.86655221859958,-30.287555528424996,0.0,0
423,DRONE,-33.13620938480928,93.77654373902693,63.3088276298479,0.5798400957146823
424,PIGEON,109.90423266980626,-30.871755290624254,0.0,0
424,DRONE,-30.044135899912387,88.84766251688085,66.42282454931826,0.2712550934015172
425,PIGEON,112.08344583169871,-32.79120244924301,0.0,0
425,DRONE,-34.935727112980096,90.55142620446193,65.90601811384231,0.2185922899742634
426,PIGEON,113.0202515243942,-33.42306439356014,0.0,0
426,DRONE,-30.789283235852796,95.10056961665516,64.01337014294832,0.014120869468232655
427,PIGEON,112.44611498611631,-34.48303372234734,0.0,0
427,DRONE,-27.942744646024597,93.18561518517326,67.90190079388987,0.3377997715079446
428,PIGEON,110.57203308945688,-34.798588928146955,0.0,0
428,DRONE,-26.596522992270387,89.2107696447614,67.74945578088202,0.8264569581402577
429,PIGEON,109.9631839023371,-34.039375164076475,0.0,0
429,DRONE,-22.705427239819983,87.69513027717157,65.73278206664054,0.5341391572195637
430,PIGEON,109.45333774527472,-34.85559836621447,0.0,0
430,DRONE,-21.258048338869493,87.01076702574171,65.43338210560604,0.5643758504801157
431,PIGEON,107.96826501380662,-34.49617430120984,0.0,0
431,DRONE,-18.21894451411606,83.75404855799187,66.32530670615921,0.39809471581417544
432,PIGEON,107.26818667713232,-35.53095776230264,0.0,0
432,DRONE,-13.405412975683717,86.55184639618714,67.5239068202504,0.8034504602833943
433,PIGEON,105.42603303039007,-35.57860319753098,0.0,0
433,DRONE,-14.180358442939896,86.6169080300683,65.37004081208045,1.0414417757133432
434,PIGEON,105.24187795514617,-35.90070273918622,0.0,0
434,DRONE,-17.112171045695085,84.58642751903791,66.92816762115696,1.3462886333560213
435,PIGEON,106.57536172614746,-36.23885594141342,0.0,0
435,DRONE,-16.241627982019736,83.78214803354204,69.40826326899786,1.130985788854943
436,PIGEON,106.39523478559347,-35.95593248012985,0.0,0
436,DRONE,-16.699899942028246,84.22667138091052,69.82969511442919,0.9045851398131841
437,PIGEON,107.44978035786534,-34.82395372471355,0.0,0
437,DRONE,-21.317492648441494,88.13399959214675,71.77569913164551,0.9119988381481186
438,PIGEON,109.80573991550366,-34.32548129959446,0.0,0
438,DRONE,-23.98188226478161,88.49120225303149,75.28116296538424,0.8930301322087049
439,PIGEON,111.87104016321784,-35.3758451155168,0.0,0
439,DRONE,-26.65723711217069,88.56527094468053,75.36071578154693,0.7279836499935186
440,PIGEON,115.07499744033647,-35.657492065678525,0.0,0
440,DRONE,-25.540349795024355,92.32728363028295,79.4551815915664,0.5411100697788171
441,PIGEON,117.77745846463804,-37.40000171946946,0.0,0
441,DRONE,-20.77040190304649,88.4166980240697,82.54324032028018,0.9440921528117494
442,PIGEON,118.8890431809023,-39.679552088790594,0.0,0
442,DRONE,-16.90666805280859,85.56177413157285,80.73409792887344,1.4129412048505081
443,PIGEON,120.93678164886384,-40.6573052060854,0.0,0
443,DRONE,-12.659719045200804,83.04068183970041,81.20362594683989,1.105107403672612
444,PIGEON,123.722966426284,-40.370948696260875,0.0,0
444,DRONE,-15.200683526744971,85.49511836101384,86.14400721641704,0.8768639908595794
445,PIGEON,126.73854647138072,-41.52458251654844,0.0,0
445,DRONE,-12.421416858794391,90.20058385694193,82.00150262422905,1.2763654747603645
446,PIGEON,130.51621786953805,-43.62051549134348,0.0,0
446,DRONE,-13.023756470354689,90.22789652473763,85.98283940974237,0.8536522105824256
447,PIGEON,135.32986546470224,-45.00552715987724,0.0,0
447,DRONE,-16.56237952652545,94.3051755833223,84.16060985041295,0.5111226493314773
448,PIGEON,139.59994192132626,-44.75332810032918,0.0,0
448,DRONE,-19.68369262947808,92.74218474417894,88.66126376148591,0.9803548150896821
449,PIGEON,143.26961787591938,-46.01629354796438,0.0,0
449,DRONE,-18.808603999447868,93.98068617526486,85.37216840108536,1.4623261670073475
450,PIGEON,145.1450723064937,-46.69150148760673,0.0,0
450,DRONE,-17.795246673776013,97.88370342053814,83.8794137651303,1.5017648794610405
451,PIGEON,146.5358366596983,-48.7694624387243,0.0,0
451,DRONE,-21.335449263099783,100.91755010641764,87.90254028114012,1.3557449360779898
452,PIGEON,148.8929768624934,-51.653518434885626,0.0,0
452,DRONE,-18.132172931919726,100.14065435306298,89.32593970548969,1.125164773048902
453,PIGEON,149.74669350461954,-55.050987082004156,0.0,0
453,DRONE,-18.374968080856064,103.74385661032765,93.92759691105033,1.4155411112741412
454,PIGEON,151.38175171458255,-59.332967070960315,0.0,0
454,DRONE,-19.404034094218936,99.57833132524944,95.80473090743881,1.7441676002483106
455,PIGEON,154.29394158610313,-62.768940921188744,0.0,0
455,DRONE,-18.90372892012871,103.47560356607292,97.31014675522366,1.4188622293187372
456,PIGEON,156.6835750992745,-67.34337103528267,0.0,0
456,DRONE,-17.24874469688258,101.75363964145703,102.3061694860977,1.094363472251242
457,PIGEON,159.3064691089254,-70.03662900796405,0.0,0
457,DRONE,-15.265491447648037,99.78231148931116,106.54765127064941,1.4669491245692257
458,PIGEON,161.1262875080698,-71.06143636030697,0.0,0
458,DRONE,-19.49920399662921,104.5032841639262,108.52825653951108,1.8136460611454428
459,PIGEON,162.34693008851602,-73.42457843440732,0.0,0
459,DRONE,-23.924481833398318,102.56273588823228,104.87448501981241,1.5768913120815498
460,PIGEON,162.35271723352665,-74.52388139203752,0.0,0
460,DRONE,-27.417846414097255,99.89992158881488,106.39708029530473,1.6178902305186371
461,PIGEON,161.31115344907653,-74.43888543585199,0.0,0
461,DRONE,-31.274092156552562,94.99574119359642,104.68492892248186,1.9881800251483552
462,PIGEON,160.7697185301067,-72.91559752677261,0.0,0
462,DRONE,-30.782286033282595,91.81030056885317,104.77680598607988,1.5643949262413033
463,PIGEON,158.84978048667372,-71.98907475152701,0.0,0
463,DRONE,-26.439261232962906,89.53443299445789,107.36234285842114,1.3856195500224535
464,PIGEON,158.1348507751316,-72.26145990392331,0.0,0
464,DRONE,-29.505203424120303,89.17452738021407,103.08157603907226,1.281239953840509
465,PIGEON,156.79457105773528,-71.17829563705418,0.0,0
465,DRONE,-32.50958255962346,89.7830791630917,105.85704384964191,1.111978420247226
466,PIGEON,156.86891103838516,-69.42236853018974,0.0,0
466,DRONE,-32.2178425580628,85.06649923084271,104.15487168704345,1.48547978583471
467,PIGEON,157.82974449866919,-69.04656460613208,0.0,0
467,DRONE,-27.631794666023872,86.32733059166142,104.84653729732321,1.4020379570747687
468,PIGEON,159.97809521602005,-67.93221641425467,0.0,0
468,DRONE,-22.906024230489578,89.73301325512006,108.13881428103302,1.7788874423184122
469,PIGEON,161.86711591084625,-65.42996312202872,0.0,0
469,DRONE,-24.34024352894134,86.19801524060401,111.27669324151265,1.968145068346729
470,PIGEON,162.84488382589316,-64.49254896118696,0.0,0
470,DRONE,-21.481866492800386,89.07290892410442,113.64311912058933,2.0403316535594627
471,PIGEON,163.1570135266532,-65.03723258332359,0.0,0
471,DRONE,-21.46546405379798,86.33884408071188,111.73940785497054,1.732840396718351
472,PIGEON,164.2331548696183,-64.25559179452283,0.0,0
472,DRONE,-17.809360301463407,90.16688362354101,115.82667112436265,1.2743014085136206
473,PIGEON,164.82449047560337,-62.10031396452551,0.0,0
473,DRONE,-18.85532278299513,88.81074772491172,113.80227074224499,1.593164107649831
474,PIGEON,163.85746796964924,-60.20878983163274,0.0,0
474,DRONE,-18.18113025083416,85.61681607384699,113.29948245223957,1.5960957279442862
475,PIGEON,164.48687670797884,-58.47790596757297,0.0,0
475,DRONE,-16.596621336370596,81.59845387951012,108.8203287141,1.620571535857085
476,PIGEON,163.70116476918662,-57.5694253400971,0.0,0
476,DRONE,-16.089408496736624,80.90667396828275,108.78954495286033,1.8287050142765402
477,PIGEON,163.6656398637186,-55.410550011983474,0.0,0
477,DRONE,-20.865950729894028,76.31326650690923,104.28985298074386,1.3352642105885995
478,PIGEON,163.151974706765,-54.88811566454946,0.0,0
478,DRONE,-23.13126256540485,73.36589015623139,106.23790438971002,1.0130386742114919
479,PIGEON,161.9418390487643,-53.11764024721155,0.0,0
479,DRONE,-25.506858506449085,72.63702776364954,105.54838791814541,1.424081001657803
480,PIGEON,159.82563554775143,-50.43100435072898,0.0,0
480,DRONE,-20.92320958998161,73.08962259610678,109.64746584957372,1.5605477619292678
481,PIGEON,157.93057775632104,-49.51300179833147,0.0,0
481,DRONE,-16.056232813108668,68.12457967346042,109.81686683080652,1.8318320093044411
482,PIGEON,156.29637776312202,-50.18510150187793,0.0,0
482,DRONE,-11.369742458047451,65.26562018254114,111.33728600593861,1.9131595593880544
483,PIGEON,155.38841343516987,-49.3995817543605,0.0,0
483,DRONE,-15.853450180443364,70.25253874658016,109.43747585309207,1.5364416458428778
484,PIGEON,156.0384188552485,-48.38052032343252,0.0,0
484,DRONE,-19.42089184805161,74.85957737507015,113.52455518139458,2.0007470098435105
485,PIGEON,156.76325393150162,-48.95683331838895,0.0,0
485,DRONE,-17.904469892933655,78.06734285623516,111.83103362247199,1.6873457337590745
486,PIGEON,157.80052841274164,-48.02574456706902,0.0,0
486,DRONE,-20.25969498494922,74.8205996741432,108.4397502634934,1.8371389880676414
487,PIGEON,157.79670256323638,-48.35880357799294,0.0,0
487,DRONE,-19.4462934658545,72.43826850390077,112.30761087033285,1.4739215871340061
488,PIGEON,158.61592549086473,-47.40427588499712,0.0,0
488,DRONE,-20.079885668888238,73.17011540270234,108.44951926199036,1.3996330652995503
489,PIGEON,160.8531624970169,-46.53138506234414,0.0,0
489,DRONE,-21.775330161215614,68.3750628683718,111.67605528514365,1.6005707875371433
490,PIGEON,161.38631214439783,-45.98769948992991,0.0,0
490,DRONE,-23.841891508218612,70.09004844650127,112.4993656759757,1.5829412425603469
491,PIGEON,160.8891446758874,-44.36019672909063,0.0,0
491,DRONE,-24.53811860679285,73.74330758480106,115.36600482156261,1.7709183660352146
492,PIGEON,159.09122694580574,-42.242574538045275,0.0,0
492,DRONE,-21.029607424755085,78.26568187761742,111.03030628265013,1.3552636406037504
493,PIGEON,158.09436859465637,-38.97142098653946,0.0,0
493,DRONE,-24.584440442251335,75.96151378077394,114.21339955015151,1.0067439645773675
494,PIGEON,158.66292596584591,-35.70857894239265,0.0,0
494,DRONE,-28.740806851893716,71.29220478584236,114.24120540288159,0.5506440589588513
495,PIGEON,158.40298433805728,-31.485721497562118,0.0,0
495,DRONE,-28.593723610950516,72.8561354698361,116.87592014867299,1.0184426503593569
496,PIGEON,157.29046645729397,-26.469372670419936,0.0,0
496,DRONE,-29.915555833477903,77.65584351819754,114.23770048306082,1.2197894941082392
497,PIGEON,156.50926981707312,-23.438427384584077,0.0,0
497,DRONE,-32.653208730853564,76.79418647410839,110.49443541716218,0.88853118187017
498,PIGEON,155.70001533046948,-19.214339235551307,0.0,0
498,DRONE,-27.898207426314322,79.0074138995685,109.35548064892146,0.8637911017152424
499,PIGEON,153.7507375954238,-14.541290715108557,0.0,0
499,DRONE,-29.82330511227589,74.99572446260404,109.92402598239717,0.5683041939560196
