agent_id,mode,species,speed,t,view_x,view_y,view_z,vx,vy,vz,x,y,z
0,random,jackal,3.43407040370276,0.0,,,,-0.8533309786349549,3.3263592377386337,0.0,182.49550053234674,185.52369276460328,0.0
1,external,drone,8.190620422363281,0.0,0.6997105606881437,0.10200554524869547,-0.7071067811865475,3.6091676457128146,5.640420331227026,-4.716548557521175,178.92766856768193,67.50410225405594,55.28345144247882
0,random,jackal,9.66342783989171,1.0,,,,9.500324191787872,1.7679586725159266,0.0,191.99582472413462,187.2916514371192,0.0
1,external,drone,7.778092384338379,1.0,0.6617423442053058,0.24919283674629747,-0.7071067811865475,3.454061942508771,5.487088421123742,-4.2965146218050965,182.3817305101907,72.99119067517968,50.986936820673726
0,random,jackal,7.202176645674686,2.0,,,,6.039993038802822,3.9229877041249197,0.0,198.03581776293746,191.21463914124413,0.0
1,external,drone,6.692306041717529,2.0,0.45840266926034573,0.5383929724792016,-0.7071067811865475,3.3160710623470284,4.894668445545602,-3.1357381385654306,185.6978015725377,77.88585912072529,47.8511986821083
0,random,jackal,9.79250254121019,3.0,,,,9.79224117987712,0.07154505382454726,0.0,207.82805894281458,191.28618419506867,0.0
1,external,drone,6.374178886413574,3.0,0.08500534475869406,0.7019786972283816,-0.7071067811865475,3.278209098206991,4.704041078405551,-2.784869676862213,188.9760106707447,82.58990019913084,45.06632900524608
0,random,jackal,4.832938353686218,4.0,,,,4.756982311520437,0.8534708070068524,0.0,212.585041254335,192.13965500207553,0.0
1,external,drone,6.369279384613037,4.0,-0.4074223877068749,0.5779333854305608,-0.7071067811865475,3.5330617104753235,4.6589768683815755,-2.525693839149001,192.50907238122002,87.24887706751241,42.54063516609708
0,random,jackal,4.211525444584524,5.0,,,,3.9356303682311093,-1.4992532057794417,0.0,216.5206716225661,190.6404017962961,0.0
1,external,drone,6.1582841873168945,5.0,-0.7038589115138855,0.06769514519142834,-0.7071067811865475,3.533495744692457,4.504849840251116,-2.268303302203453,196.04256812591248,91.75372690776352,40.272331863893626
0,random,jackal,8.424918969835419,6.0,,,,4.686165228213264,-7.001365231308649,0.0,221.20683685077938,183.63903656498744,0.0
1,external,drone,5.751026630401611,6.0,-0.4136696562691435,-0.5734783478756359,-0.7071067811865475,3.4326407582560123,4.192245663116831,-1.9277865619477221,199.4752088841685,95.94597257088036,38.34454530194591
0,random,jackal,8.189305730734173,7.0,,,,7.6472982583187665,-2.9297709295694636,0.0,228.85413510909814,180.70926563541798,0.0
1,external,drone,4.808716773986816,7.0,0.5443216488434719,-0.4513468096711489,-0.7071067811865476,3.160368948232388,3.411546582016669,-1.2235910436910964,202.63557783240088,99.35751915289703,37.12095425825481
0,random,jackal,4.0802087601372445,8.0,,,,3.5704362437528565,-1.9748641866206158,0.0,232.424571352851,178.73440144879737,0.0
1,external,drone,4.395471572875977,8.0,0.33695939883037035,0.621657754347097,-0.7071067811865476,3.1454949310079754,2.958615779027185,-0.8201369757883785,205.78107276340887,102.31613493192421,36.30081728246643
0,random,jackal,8.662136524919593,9.0,,,,8.1769366738286,2.858376428769129,0.0,240.6015080266796,181.5927778775665,0.0
1,external,drone,3.776130437850952,9.0,-0.7070686547009599,-0.007342856349879045,-0.7071067811865476,2.8789681707790957,2.418867996446116,-0.3460938761001733,208.66004093418798,104.73500292837032,35.95472340636626
0,random,jackal,5.017529941619005,10.0,,,,3.74075657922958,3.3440016342690124,0.0,244.34226460590918,184.9367795118355,0.0
1,external,drone,3.993502616882324,10.0,0.31382623549841876,-0.633650608705532,-0.7071067811865476,3.0877729745138685,2.50026859585647,-0.4029617320312986,211.74781390870186,107.23527152422679,35.55176167433496
0,random,jackal,2.576655888031001,11.0,,,,2.3982661872856195,0.9420588411810185,0.0,246.7405307931948,185.87883835301653,0.0
1,external,drone,4.084565162658691,11.0,0.4537146448644122,0.5423495376927693,-0.7071067811865476,3.1360373153974193,2.579408098628625,-0.4422628010233633,214.8838512240993,109.81467962285541,35.1094988733116
0,random,jackal,5.230048842547601,12.0,,,,5.081577428310012,-1.2373284671111804,0.0,251.8221082215048,184.64150988590535,0.0
1,external,drone,3.8651347160339355,12.0,-0.6939559363627409,0.13573930302941625,-0.7071067811865475,3.0108723834435094,2.4031908115155587,-0.3139869219491846,217.8947236075428,112.21787043437097,34.795511951362414
0,random,jackal,7.450682024835983,13.0,,,,7.225502209027461,-1.8179055152986636,0.0,259.04761043053225,182.8236043706067,0.0
1,external,drone,3.54612135887146,13.0,0.29263210351330665,-0.6437130199035728,-0.7071067811865475,2.849105433986458,2.1004395785891465,-0.21384221886581875,220.74382904152927,114.31831001296011,34.58166973249659
0,random,jackal,5.105332349631363,14.0,,,,4.667598580843747,-2.0683186138257144,0.0,263.715209011376,180.75528575678098,0.0
1,external,drone,3.3196356296539307,14.0,0.31804598537197054,0.6315431506942122,-0.7071067811865475,2.7216976412100777,1.8912032202952291,-0.18892602532288394,223.46552668273935,116.20951323325534,34.39274370717371
0,random,jackal,2.9306146542931084,15.0,,,,2.6438826658962062,-1.2642731907823888,0.0,266.3590916772722,179.4910125659986,0.0
1,external,drone,3.1509318351745605,15.0,-0.682830511884852,-0.18369129549075278,-0.7071067811865475,2.6171372419475203,1.7480766418987632,-0.15228966076458925,226.08266392468687,117.9575898751541,34.24045404640912
0,random,jackal,12.0,16.0,,,,11.935588629507157,-1.2416618167518187,0.0,278.29468030677936,178.2493507492468,0.0
1,external,drone,3.0457570552825928,16.0,0.6073219146789152,-0.3621603125008821,-0.7071067811865475,2.551611285328306,1.6573822308689905,-0.13784059339921204,228.63427521001518,119.61497210602309,34.10261345300991
0,random,jackal,2.924618106350212,17.0,,,,2.7848718999659448,0.8932410474063365,0.0,281.0795522067453,179.14259179665314,0.0
1,external,drone,3.040020704269409,17.0,-0.15088751723378602,0.6908204956014435,-0.7071067811865475,2.5283753794583914,1.6871824289201727,-0.04959107256690386,231.16265058947357,121.30215453494326,34.053022380443004
0,random,jackal,7.906727664997002,18.0,,,,7.906436238603112,0.06788500079121049,0.0,288.9859884453484,179.21047679744436,0.0
1,external,drone,3.0201573371887207,18.0,-0.3955318753340231,-0.5861352536699622,-0.7071067811865475,2.514562657188765,1.6723189976693842,-0.04091643289324112,233.67721324666235,122.97447353261263,34.01210594754976
0,random,jackal,6.351486426988418,19.0,,,,6.266173776460313,-1.0375191735188312,0.0,295.25216222180876,178.17295762392553,0.0
1,external,drone,3.0324697494506836,19.0,0.6975423372146569,0.11590810063629806,-0.7071067811865475,2.515982760290065,1.6928111494859615,-0.009692442039690843,236.1931960069524,124.6672846820986,34.00241350551007
0,random,jackal,2.1190866722171613,20.0,,,,1.8089282438879852,1.103769420138433,0.0,297.06109046569674,179.27672704406396,0.0
1,external,drone,3.020918846130371,20.0,-0.5669445641929667,0.4225800055989959,-0.7071067811865475,2.506842308683749,1.6857208184878147,0.0061348525293322565,238.70003831563616,126.3530055005864,34.008548358039405
0,random,jackal,6.612897945343446,21.0,,,,2.223037492942077,6.228043315560785,0.0,299.2841279586388,185.50477035962476,0.0
1,external,drone,2.9982128143310547,21.0,0.09492599347773657,-0.7007061122626697,-0.7071067811865475,2.491326413716248,1.668058782139073,0.012356361414009337,241.19136472935241,128.0210642827255,34.02090471945341
0,random,jackal,1.6165840813155405,22.0,,,,0.618328172422652,1.4936580475969972,0.0,299.90245613106146,186.99842840722175,0.0
1,external,drone,3.1011743545532227,22.0,0.45740236299149284,0.539243060530035,-0.7071067811865475,2.561513839786464,1.7479064147804746,-0.027429748272041077,243.7528785691389,129.76897069750598,33.99347497118137
0,random,jackal,2.954137618108903,23.0,,,,2.591566094304748,1.4179965604951863,0.0,302.4940222253662,188.41642496771695,0.0
1,external,drone,3.06618070602417,23.0,-0.7065029064963867,-0.029217171529054786,-0.7071067811865475,2.5382335746165383,1.7200287796425995,-0.01831501802936852,246.2911121437554,131.48899947714858,33.975159953152
0,random,jackal,7.053414245978393,24.0,,,,3.4325512254044335,6.161837762416782,0.0,305.92657345077066,194.57826273013373,0.0
1,external,drone,3.0584685802459717,24.0,0.502078856468989,-0.49791246408057777,-0.7071067811865475,2.5329503529702104,1.7141105738901092,-0.014748092012786805,248.82406249672562,133.2031100510387,33.960411861139214
0,random,jackal,5.829316066614883,25.0,,,,0.5079609984808064,5.807142277275182,0.0,306.4345344492515,200.3854050074089,0.0
1,external,drone,3.1946332454681396,25.0,0.060036089316428745,0.7045535238571943,-0.7071067811865475,2.6238604933750977,1.8210688568589628,-0.06889051410809616,251.44792299010072,135.02417890789766,33.891521347031116
0,random,jackal,5.2762490016844295,26.0,,,,1.9612341717226172,4.898200082830777,0.0,308.3957686209741,205.2836050902397,0.0
1,external,drone,3.302546501159668,26.0,-0.5949021899339696,-0.38221902675268193,-0.7071067811865475,2.69551733972669,1.9045043822475711,-0.11774005925983888,254.1434403298274,136.92868329014524,33.77378128777128
0,random,jackal,4.47357208596452,27.0,,,,3.5769054433987786,2.6867442485851036,0.0,311.9726740643729,207.9703493388248,0.0
1,external,drone,3.405974864959717,27.0,0.6577446119717382,-0.2595612170994502,-0.7071067811865475,2.7624863782672855,1.9854915906796384,-0.1647936102083349,256.9059267080947,138.91417488082487,33.60898767756294
0,random,jackal,5.583402916244065,28.0,,,,5.3875285837006555,-1.4659208317406291,0.0,317.36020264807354,206.50442850708419,0.0
1,external,drone,3.430025339126587,28.0,-0.1704594851007302,0.6862532797292806,-0.7071067811865475,2.777469405159497,2.005043103819228,-0.17475606507462027,259.68339611325416,140.9192179846441,33.434231612488325
0,random,jackal,8.217846403750402,29.0,,,,8.11794471381948,-1.2774870406402403,0.0,325.47814736189304,205.22694146644395,0.0
1,external,drone,3.310746431350708,29.0,-0.4366021273613152,-0.5562181068462031,-0.7071067811865475,2.7000198439149803,1.9126136038313304,-0.11333127373371113,262.3834159571691,142.8318315884754,33.32090033875461
0,random,jackal,3.9877655363253846,30.0,,,,3.469817940935986,-1.9653593639493097,0.0,328.947965302829,203.26158210249463,0.0
1,external,drone,3.281026840209961,30.0,0.70708089724205,0.006050186391984035,-0.7071067811865475,2.6808206257248193,1.888759941859656,-0.10451689285879977,265.06423658289395,144.72059153033507,33.216383445895815
0,random,jackal,4.964569667234845,31.0,,,,4.306656758833304,-2.469748882462288,0.0,333.2546220616623,200.79183322003234,0.0
1,external,drone,3.196442127227783,31.0,-0.46100797405798627,0.5361638255747504,-0.7071067811865475,2.625867041104502,1.8216011772301326,-0.0619169304096916,267.6901036239985,146.5421927075652,33.15446651548612
0,random,jackal,6.2243432527888976,32.0,,,,6.215110973854971,-0.33888716589181594,0.0,339.46973303551727,200.45294605414054,0.0
1,external,drone,3.1404526233673096,32.0,-0.1062035037880022,-0.6990856998846079,-0.7071067811865474,2.5893648499105613,1.7764588839808058,-0.04273391145148163,270.27946847390905,148.318651591546,33.111732604034636
0,random,jackal,8.458163432842484,33.0,,,,8.173332928665923,2.1765012046537167,0.0,347.64306596418317,202.62944725879424,0.0
1,external,drone,3.1806015968322754,33.0,0.6149892374340308,0.3489817156246292,-0.7071067811865474,2.618603728981202,1.8032302149396098,-0.08661304905506698,272.89807220289026,150.12188180648562,33.02511955497957
0,random,jackal,2.9966877934086766,34.0,,,,2.991992412371451,-0.16768761276918373,0.0,350.63505837655464,202.46175964602506,0.0
1,external,drone,3.2670178413391113,34.0,-0.637214944570187,0.30652424768101755,-0.7071067811865474,2.679203880407026,1.862428383136062,-0.16319516086327956,275.5772760832973,151.98431018962168,32.861924394116286
0,random,jackal,7.281515592359044,35.0,,,,7.096658765637485,-1.6303078500297223,0.0,357.7317171421921,200.83145179599535,0.0
1,external,drone,3.2506723403930664,35.0,0.1157999525600875,-0.6975602991764094,-0.7071067811865474,2.670748940744924,1.8465303446003711,-0.15587317465310796,278.24802502404225,153.83084053422206,32.70605121946318
0,random,jackal,8.229272888265546,36.0,,,,7.877468389393704,-2.380425181274414,0.0,365.6091855315858,198.45102661472094,0.0
1,external,drone,3.273498773574829,36.0,0.5018031371418373,0.4981903366732545,-0.7071067811865474,2.6955562545654743,1.8491005557739904,-0.17492236479417234,280.9435812786077,155.67994108999605,32.53112885466901
0,random,jackal,3.6503283280538,37.0,,,,3.505325686063805,-1.0186209978266552,0.0,369.11451121764964,197.4324056168943,0.0
1,external,drone,3.3273561000823975,37.0,-0.7037721394000881,0.06859136829239655,-0.7071067811865474,2.7695265135287706,1.8330234447171625,-0.20259950329144405,283.7131077921365,157.5129645347132,32.32852935137756
0,random,jackal,6.798816601571524,38.0,,,,6.794789604653146,0.2339688233549514,0.0,375.9093008223028,197.66637444024926,0.0
1,external,drone,3.3574025630950928,38.0,0.4509334197165199,-0.5446641634831184,-0.7071067811865474,2.8371873175300917,1.7779505712277541,-0.2478141686724228,286.5502951096666,159.29091510594097,32.08071518270514
0,random,jackal,2.4903761571464402,39.0,,,,1.8664229380827095,-1.6487688801897544,0.0,377.7757237603855,196.0176055600595,0.0
1,external,drone,3.5108907222747803,39.0,-0.011171460800204338,0.7070185276664183,-0.7071067811865474,3.013565264738941,1.779723094367492,-0.2781434275496074,289.5638603744055,161.07063820030845,31.802571755155533
0,random,jackal,6.8447549615572205,40.0,,,,4.5651037237388925,-5.10004886989012,0.0,382.3408274841244,190.9175566901694,0.0
1,external,drone,3.5839428901672363,40.0,-0.34831056241052366,-0.6153696061012967,-0.7071067811865474,3.154900980757809,1.6688499008431241,-0.32586262450547276,292.71876135516334,162.73948810115158,31.47670913065006
0,random,jackal,6.507967484144167,41.0,,,,2.0185727190468126,-6.187002905494527,0.0,384.3594002031712,184.73055378467487,0.0
1,external,drone,3.6948816776275635,41.0,0.4160661932015504,0.5717420072679376,-0.7071067811865474,3.466345600304855,1.269236778711722,-0.16011492897460203,296.1851069554682,164.0087248798633,31.31659420167546
0,random,jackal,7.7491529616906965,42.0,,,,-1.2923009666980974,-7.640636742782035,0.0,383.0670992364731,177.08991704189285,0.0
1,external,drone,3.767873525619507,42.0,-0.3615543531594611,-0.6076828529022718,-0.7071067811865474,3.6781925130691993,0.7417591121370297,0.3428763063084778,299.8632994685374,164.75048399200034,31.65947050798394
0,random,jackal,6.3028462720061045,43.0,,,,0.32276187010302876,-6.294576705684731,0.0,383.3898611065761,170.7953403362081,0.0
1,external,drone,3.4849295616149902,43.0,0.18045894125801706,0.6836918681102151,-0.7071067811865474,3.1508256734015654,-0.4220107596476381,1.427914053433625,303.01412514193896,164.3284732323527,33.087384561417565
0,random,jackal,6.806165441882841,44.0,,,,0.4973273687847303,-6.787971236719989,0.0,383.88718847536086,164.00736909948813,0.0
1,external,drone,2.9815502166748047,44.0,0.0951898768903378,-0.7006703128701848,-0.7071067811865475,2.4939557008362447,-0.8055887449572082,1.4215672445643361,305.5080808427752,163.5228844873955,34.5089518059819
0,random,jackal,6.114156883931413,45.0,,,,-0.13944333105944653,-6.112566560680459,0.0,383.7477451443014,157.89480253880768,0.0
1,external,drone,2.3516271114349365,45.0,-0.41270869770574137,0.5741702977671619,-0.7071067811865475,1.8074919010874557,-0.9850670172453332,1.1369987116415137,307.3155727438627,162.53781747015015,35.64595051762341
0,random,jackal,9.019459770903227,46.0,,,,-2.9024516719944553,-8.53969723413414,0.0,380.84529347230693,149.35510530467354,0.0
1,external,drone,2.162121295928955,46.0,0.6373873904675404,-0.30616550176820934,-0.7071067811865475,1.6037024050869861,-1.0565197611002954,0.9933141943173341,308.9192751489497,161.48129770904984,36.63926471194075
0,random,jackal,10.615935076626023,47.0,,,,-8.399497500893032,-6.492035064879923,0.0,372.44579597141393,142.86307023979361,0.0
1,external,drone,2.182406187057495,47.0,-0.7067217105768908,-0.02333289093262243,-0.7071067811865475,1.5902922165253364,-1.0937399809550488,1.0186266663632053,310.509567365475,160.3875577280948,37.65789137830395
0,random,jackal,4.508039284215476,48.0,,,,-3.8470220468337777,-2.3500722455288123,0.0,368.59877392458014,140.5129979942648,0.0
1,external,drone,2.0302419662475586,48.0,0.6080839347320517,0.3608793819557807,-0.7071067811865475,1.454285193957598,-1.0282165089160313,0.974529541338277,311.9638525594326,159.3593412191788,38.63242091964223
0,random,jackal,5.132524329757437,49.0,,,,-3.6623288321918843,-3.595852266215627,0.0,364.9364450923883,136.91714572804918,0.0
1,external,drone,1.935160517692566,49.0,-0.34678149668612673,-0.6162325807324133,-0.7071067811865475,1.3765452765409518,-0.9907009159548399,0.9319232940511762,313.34039783597353,158.36864030322394,39.5643442136934
0,random,jackal,10.089556684385474,50.0,,,,-5.7004889299756405,-8.324877179073141,0.0,359.23595616241266,128.59226854897605,0.0
1,external,drone,1.9586284160614014,50.0,-0.01004515418135592,0.7070354268899636,-0.7071067811865475,1.3928128797146382,-1.0174563816325592,0.9279439992690245,314.7332107156882,157.35118392159137,40.49228821296243
0,random,jackal,9.967058441654233,51.0,,,,1.1112149544504744,-9.904920762144265,0.0,360.34717111686314,118.6873477868318,0.0
1,external,drone,2.2363693714141846,51.0,0.340777076168884,-0.6195732275992781,-0.7071067811865475,1.6120934719949933,-1.1845605342391745,0.999659413837335,316.34530418768315,156.1666233873522,41.491947626799764
0,random,jackal,12.0,52.0,,,,-5.173989617618614,-10.827272576081882,0.0,355.17318149924455,107.86007521074991,0.0
1,external,drone,2.6216416358947754,52.0,-0.5884501629241458,0.39207959109668866,-0.7071067811865475,1.8509061701376495,-1.4494035573000346,1.1603363928143502,318.1962103578208,154.71721983005216,42.652284019614115
0,random,jackal,6.105296756474515,53.0,,,,-4.255567353401108,-4.377761412558355,0.0,350.91761414584346,103.48231379819156,0.0
1,external,drone,2.9145913124084473,53.0,0.6899006290491511,-0.15503909841580582,-0.7071067811865475,2.024200861422247,-1.7927373184070998,1.0879091405879213,320.22041121924303,152.92448251164507,43.74019316020203
0,random,jackal,11.801780275658906,54.0,,,,-10.601859653723702,-5.184842288602147,0.0,340.31575449211977,98.29747150958941,0.0
1,external,drone,2.679508924484253,54.0,-0.7070825468009652,0.005854230048526497,-0.7071067811865475,1.8630915281096154,-1.735164943484638,0.8353805439312612,322.08350274735267,151.18931756816042,44.57557370413329
0,random,jackal,3.415079032845145,55.0,,,,-3.3561233029703383,-0.6318236904691014,0.0,336.95963118914943,97.66564781912031,0.0
1,external,drone,2.347032308578491,55.0,0.7048674822171546,0.05623017439817727,-0.7071067811865475,1.3934684278449552,-1.7987190331142433,0.5756876219123991,323.4769711751976,149.39059853504617,45.15126132604569
0,random,jackal,9.112624102986597,56.0,,,,-7.429988668417638,-5.275906218794812,0.0,329.5296425207318,92.3897416003255,0.0
1,external,drone,2.0183615684509277,56.0,-0.6987464475842957,-0.1084131080097199,-0.7071067811865475,0.8939043307403108,-1.7296338734193426,0.5320574521645268,324.37087550593793,147.66096466162682,45.68331877821022
0,random,jackal,3.1934164581864963,57.0,,,,-1.116858447048882,-2.9917446222349837,0.0,328.41278407368293,89.3979969780905,0.0
1,external,drone,1.2066203355789185,57.0,0.6899289856423908,0.15491286186260303,-0.7071067811865476,-0.14642268781438963,-1.1034726757483844,0.4656619853525654,324.22445281812355,146.55749198587844,46.14898076356279
0,random,jackal,7.940406792065913,58.0,,,,-1.049267832893249,-7.8707748689911075,0.0,327.3635162407897,81.5272221090994,0.0
1,external,drone,1.1996673345565796,58.0,-0.6794017889473193,-0.19599288041962765,-0.7071067811865476,-0.2024383406965639,-1.086526787490129,0.4665618628697485,324.022014477427,145.4709651983883,46.615542626432536
0,random,jackal,1.352618754636282,59.0,,,,0.41933178042303676,-1.2859775866324625,0.0,327.7828480212127,80.24124452246693,0.0
1,external,drone,1.3121076822280884,59.0,0.6764140371993607,0.2060680719559972,-0.7071067811865475,-0.39946967862714644,-1.1435935613896515,0.5042264490956659,323.6225447987998,144.32737163699866,47.119769075528204
0,random,jackal,10.162244358644317,60.0,,,,0.46050284678245323,-10.151805136669216,0.0,328.24335086799516,70.08943938579772,0.0
1,external,drone,1.3199611902236938,60.0,-0.6730968921389853,-0.2166577342096039,-0.7071067811865475,-0.3448258499957557,-1.168649443805983,0.5075934932240779,323.2777189488041,143.1587221931927,47.62736256875228
0,random,jackal,0.9272279064718116,61.0,,,,0.25246452910059924,-0.8921957476283506,0.0,328.4958153970958,69.19724363816937,0.0
1,external,drone,1.5922926664352417,61.0,0.6763925274759592,0.20613866394901237,-0.7071067811865475,-0.5506699859108835,-1.3546252184762795,0.6301976036676518,322.7270489628932,141.8040969747164,48.257560172419936
0,random,jackal,4.541739125697732,62.0,,,,2.6793245976364073,-3.6672351964925975,0.0,331.1751399947322,65.53000844167677,0.0
1,external,drone,1.5615885257720947,62.0,-0.6790496542181231,-0.19720944984013183,-0.7071067811865475,-0.4686189701982828,-1.356375474955943,0.6157926238039922,322.2584299926949,140.44772149976046,48.87335279622393
0,random,jackal,3.312048835535561,63.0,,,,2.333794482863189,-2.3501214438257874,0.0,333.5089344775954,63.179886997850986,0.0
1,external,drone,1.6450095176696777,63.0,0.6760693566861203,0.20719610264195495,-0.7071067811865476,-0.29669691064928355,-1.4766629797483,0.6614330659075557,321.9617330820456,138.97105852001215,49.534785862131486
0,random,jackal,2.3009642738067595,64.0,,,,1.9609215146915757,-1.2038369501534516,0.0,335.46985599228697,61.976050047697534,0.0
1,external,drone,1.7928435802459717,64.0,-0.6625217338137691,-0.24711323765512325,-0.7071067811865476,0.00046916388487911733,-1.6467865667509765,0.7087890283314032,321.9622022459305,137.32427195326116,50.24357489046289
0,random,jackal,6.298399306114918,65.0,,,,6.123790151786927,-1.4727620297068809,0.0,341.5936461440739,60.503288017990656,0.0
1,external,drone,2.121919870376587,65.0,0.6320543459312443,0.31702886901578387,-0.7071067811865476,0.5011514449672514,-1.9198231645658546,0.7521104854358668,322.46335369089775,135.4044487886953,50.99568537589875
0,random,jackal,9.31237487999789,66.0,,,,7.710534465782352,-5.221875540224811,0.0,349.30418060985625,55.28141247776584,0.0
1,external,drone,3.452065944671631,66.0,-0.5465847854204738,-0.44860346894206543,-0.7071067811865476,2.0177858738539682,-2.7113271735865734,0.7028544738479372,324.48113956475174,132.69312161510874,51.69853984974669
0,random,jackal,6.651107772602893,67.0,,,,3.209344228470973,-5.825576729042256,0.0,352.5135248383272,49.45583574872359,0.0
1,external,drone,4.5063605308532715,67.0,0.4078640349572537,0.5776217871482933,-0.7071067811865476,2.9554675123028846,-3.3653301896413494,0.4970409766235515,327.43660707705465,129.32779142546738,52.19558082637024
0,random,jackal,8.466574562881796,68.0,,,,3.402122080699061,-7.752963960760876,0.0,355.9156469190263,41.702871787962714,0.0
1,external,drone,4.569945335388184,68.0,-0.2251424177131887,-0.6703065654954158,-0.7071067811865476,2.989924251226394,-3.4076552529721047,0.5767486603852002,330.42653132828104,125.92013617249528,52.77232948675544
0,random,jackal,4.63327532471449,69.0,,,,3.7091553326538755,-2.776581882972927,0.0,359.6248022516802,38.92628990498979,0.0
1,external,drone,4.657474040985107,69.0,-0.004361259497592076,0.7070933314744206,-0.7071067811865476,3.026670195856972,-3.455941263209639,0.7666824330883204,333.453201524138,122.46419490928564,53.53901191984376
0,random,jackal,5.080009880761279,70.0,,,,3.715756294485713,-3.464051897507025,0.0,363.3405585461659,35.46223800748276,0.0
1,external,drone,4.788923263549805,70.0,0.21494558543502792,-0.6736456006699615,-0.7071067811865476,3.1538333620412,-3.5583841538850014,0.5701082020323294,336.60703488617924,118.90581075540064,54.10912012187609
0,random,jackal,9.553370103452568,71.0,,,,8.134514582367064,-5.009645979787288,0.0,371.4750731285329,30.452592027695474,0.0
1,external,drone,4.893591403961182,71.0,-0.3969873156917265,0.5851504688367579,-0.7071067811865476,3.24732950219551,-3.63390922234993,0.4436121017438082,339.85436438837473,115.27190153305071,54.5527322236199
0,random,jackal,8.163601479126012,72.0,,,,4.949545335634397,-6.492025113975468,0.0,376.42461846416734,23.960566913720005,0.0
1,external,drone,5.30691385269165,72.0,0.5437103881037277,-0.4520829723270873,-0.7071067811865476,3.611421390335241,-3.882505758456328,0.2170696129656734,343.46578577870997,111.38939577459438,54.76980183658557
0,random,jackal,8.27078605915749,73.0,,,,8.041467968902637,-1.9340876250746277,0.0,384.46608643306996,22.026479288645376,0.0
1,external,drone,5.3901872634887695,73.0,-0.6540756137888151,0.26867283347369714,-0.7071067811865476,3.682662479734339,-3.922768008319176,0.3225010833177002,347.1484482584443,107.4666277662752,55.092302919903275
0,random,jackal,4.142530200004007,74.0,,,,2.5915606705253365,-3.2317750152093674,0.0,387.0576471035953,18.794704273436007,0.0
1,external,drone,5.587347030639648,74.0,0.7048770827029478,-0.05610969862850667,-0.7071067811865476,3.8889975717690004,-4.005589353001951,0.2222580992673298,351.0374458302133,103.46103841327324,55.314561019170604
0,random,jackal,2.53163381058869,75.0,,,,0.1717740850055115,-2.5257995594734615,0.0,387.2294211886008,16.268904713962545,0.0
1,external,drone,5.537654399871826,75.0,-0.691796733318768,-0.14634643750184542,-0.7071067811865476,3.834343638057589,-3.9935469199731175,0.12250761478501489,354.8717894682709,99.46749149330013,55.43706863395562
0,random,jackal,5.711422142644868,76.0,,,,0.44415466482186067,-5.694125878939723,0.0,387.6735758534226,10.574778835022823,0.0
1,external,drone,5.395986080169678,76.0,0.6319543601473078,0.3172281303585907,-0.7071067811865476,3.689884785475419,-3.9370954016984014,0.026378878430240733,358.56167425374633,95.53039609160173,55.46344751238586
0,random,jackal,4.2376876246015645,77.0,,,,0.5291970500004194,-4.204515059548735,0.0,388.202772903423,6.370263775474088,0.0
1,external,drone,5.197164058685303,77.0,-0.5244024044468613,-0.4743438818097591,-0.7071067811865476,3.501908187888787,-3.8344880128406142,0.20941579660904697,362.0635824416351,91.69590807876112,55.672863308994906
0,random,jackal,6.7876329508382485,78.0,,,,-0.7397294047901183,-6.747203975202914,0.0,387.4630434986329,-0.37694019972882575,0.0
1,external,drone,4.94646692276001,78.0,0.3735914677123325,0.6003577393958918,-0.7071067811865476,3.275106070187496,-3.686354537223948,0.3898787925346923,365.3386885118226,88.00955354153717,56.0627421015296
0,random,jackal,8.154082630511127,79.0,,,,1.1395311075761805,-8.074065419605507,0.0,388.6025746062091,-8.451005619334332,0.0
1,external,drone,4.635926246643066,79.0,-0.1825127503697477,-0.6831464674229607,-0.7071067811865475,2.9129365582127713,-3.5383585365506867,0.69758987876867,368.2516250700354,84.47119500498648,56.76033198029827
0,random,jackal,6.839187779683154,80.0,,,,1.560801801776187,-6.658707623956739,0.0,390.16337640798525,-15.109713243291072,0.0
1,external,drone,4.432760715484619,80.0,-0.025596087242112858,0.7066433614758539,-0.7071067811865475,2.572549620964954,-3.4980289976543335,0.8917113546356816,370.82417469100034,80.97316600733215,57.65204333493395
0,random,jackal,8.231121488579475,81.0,,,,3.8554075021571244,-7.272358211203939,0.0,394.01878391014236,-22.382071454495012,0.0
1,external,drone,4.150321960449219,81.0,0.2217708126328354,-0.6714295991868188,-0.7071067811865475,2.146938876615748,-3.4085769965209103,0.9987135196098265,372.9711135676161,77.56458901081125,58.65075685454378
0,random,jackal,7.32177180001248,82.0,,,,4.847449738111402,-5.4873102088310715,0.0,398.86623364825374,-27.869381663326084,0.0
1,external,drone,4.634672164916992,82.0,-0.41801119983558604,0.5703215205583725,-0.7071067811865475,2.6087895784671593,-3.69217589506729,1.020901646301718,375.57990314608327,73.87241311574395,59.671658500845496
0,random,jackal,7.25977747526391,83.0,,,,5.235028849810296,-5.029795416515777,0.0,404.10126249806405,-32.89917707984186,0.0
1,external,drone,5.187047481536865,83.0,0.5786758937696724,-0.40636708770503444,-0.7071067811865475,3.21521634347153,-3.9774687778650373,0.8646314599297821,378.7951194895548,69.89494433787891,60.53628996077528
0,random,jackal,9.1060752477256,84.0,,,,9.02151032768622,1.2381267401569682,0.0,413.12277282575025,-31.661050339684895,0.0
1,external,drone,5.481713771820068,84.0,-0.6786391566130971,0.19861745923121787,-0.7071067811865475,3.5435426636742906,-4.121187353038707,0.7129558668218736,382.3386621532291,65.7737569848402,61.24924582759715
0,random,jackal,2.762720225243419,85.0,,,,2.74086096602305,-0.3468489698705217,0.0,415.8636337917733,-32.00789930955542,0.0
1,external,drone,5.617873191833496,85.0,0.7071067029132776,0.00033270875260704507,-0.7071067811865475,3.7825574034288447,-4.14920019797782,0.1920843730966303,386.12121955665793,61.624556786862385,61.44133020069378
0,random,jackal,6.752829644345006,86.0,,,,5.96638324933699,-3.1627486665202604,0.0,421.8300170411103,-35.17064797607568,0.0
1,external,drone,5.534152984619141,86.0,-0.683742902481302,-0.18026548007437568,-0.7071067811865475,3.729650956650989,-4.088588142441001,-1.4565405054431479e-05,389.8508705133089,57.53596864442139,61.441315635288724
0,random,jackal,2.5325510910647884,87.0,,,,2.2908811908481983,-1.0796658734402005,0.0,424.1208982319585,-36.25031384951588,0.0
1,external,drone,5.641730785369873,87.0,0.6177725401150027,0.34403065078544637,-0.7071067811865475,3.835397379359716,-4.135097309497785,-0.1407957313805094,393.68626789266864,53.4008713349236,61.30051990390822
0,random,jackal,5.461044801533412,88.0,,,,4.149151241709139,-3.550711801565796,0.0,428.27004947366765,-39.80102565108167,0.0
1,external,drone,5.557424545288086,88.0,-0.5212342494906193,-0.47782303958468875,-0.7071067811865474,3.7729065613092705,-4.07561685454047,-0.19872320243392347,397.45917445397794,49.32525448038313,61.10179670147429
0,random,jackal,4.156142121934848,89.0,,,,3.9298588621736505,-1.3526738931155295,0.0,432.1999083358413,-41.1536995441972,0.0
1,external,drone,5.570180892944336,89.0,0.3967604435122828,0.5853043229499821,-0.7071067811865475,3.7868687051084327,-4.079357034048838,-0.21304173100314533,401.24604315908635,45.24589744633429,60.88875497047115
0,random,jackal,7.907980133250908,90.0,,,,5.951000766498359,5.2078536524202566,0.0,438.15090910233965,-35.94584589177695,0.0
1,external,drone,5.561298370361328,90.0,-0.2593774495157742,-0.6578171012391608,-0.7071067811865475,3.7899200075281234,-4.060764059789861,-0.273388279632755,405.03596316661447,41.18513338654443,60.61536669083839
0,random,jackal,2.58827874472207,91.0,,,,1.7285632646946612,1.92646201632116,0.0,439.87947236703434,-34.01938387545579,0.0
1,external,drone,5.184770584106445,91.0,0.17280827552360126,0.6856655889794671,-0.7071067811865475,3.5507483194980343,-3.762841244365947,-0.3392022274335893,408.5867114861125,37.422292142178485,60.276164463404804
0,random,jackal,5.304064662609756,92.0,,,,4.758478162336818,2.343072240394898,0.0,444.63795052937115,-31.67631163506089,0.0
1,external,drone,4.846417427062988,92.0,-0.13492327449871844,-0.6941150553031851,-0.7071067811865475,3.3130930529196907,-3.5165044858997554,-0.3812774589219925,411.8998045390322,33.90578765627873,59.89488700448281
0,random,jackal,5.125079048510033,93.0,,,,5.058298284594376,-0.8246536955268515,0.0,449.69624881396555,-32.50096533058774,0.0
1,external,drone,4.698884963989258,93.0,0.11908581739962179,0.697006863735404,-0.7071067811865475,3.2369880068298684,-3.3852386143522697,-0.37628190541433826,415.136792545862,30.520549041926465,59.51860509906847
0,random,jackal,9.097293929972754,94.0,,,,8.70436755733659,2.6447575078077294,0.0,458.40061637130214,-29.85620782278001,0.0
1,external,drone,4.657289028167725,94.0,-0.10015456112801457,-0.6999779024263943,-0.7071067811865475,3.228535971755034,-3.3411067248377133,-0.3223389896048172,418.36532851761706,27.17944231708875,59.19626610946366
0,random,jackal,5.807317430533834,95.0,,,,5.49486522669896,-1.879199797625757,0.0,463.8954815980011,-31.735407620405766,0.0
1,external,drone,4.731332778930664,95.0,0.023889031196111136,0.706703130167478,-0.7071067811865475,3.352191507844028,-3.338491772392821,-0.05286440567701028,421.7175200254611,23.84095054469593,59.143401703786644
0,random,jackal,0.6761728015871036,96.0,,,,0.6730024592160128,-0.06540143343499293,0.0,464.5684840572171,-31.80080905384076,0.0
1,external,drone,4.856684684753418,96.0,0.0934396256767412,-0.7009058683970271,-0.7071067811865475,3.4718017062667066,-3.394878224352082,0.09370635678568394,425.18932173172783,20.446072320343845,59.237108060572325
0,random,jackal,10.770339286614279,97.0,,,,10.75778785292365,0.5198161793127973,0.0,475.32627191014075,-31.28099287452796,0.0
1,external,drone,4.784325122833252,97.0,-0.16005119887325056,0.6887551188479366,-0.7071067811865475,3.3891730685707846,-3.373777419190356,-0.1445638890220141,428.57849480029864,17.07229490115349,59.09254417155031
0,random,jackal,4.952872165139423,98.0,,,,3.8129596925170492,3.161056954161561,0.0,479.1392316026578,-28.119935920366398,0.0
1,external,drone,5.100612640380859,98.0,0.3392046095459921,-0.6204355186985601,-0.7071067811865476,3.706764263186621,-3.4785764233829437,0.41911104860153464,432.2852590634853,13.593718477770548,59.511655220151845
0,random,jackal,7.884077157269465,99.0,,,,5.827517588950495,5.310245886232648,0.0,484.9667491916083,-22.80969003413375,0.0
1,external,drone,4.471546173095703,99.0,-0.43121205938946466,0.5604071375679444,-0.7071067811865476,3.332204909795132,-2.9735966940289837,0.2210391787080837,435.6174639732804,10.620121783741563,59.73269439885993
0,random,jackal,7.7376619714545525,100.0,,,,3.833888957542793,6.721064517301214,0.0,488.8006381491511,-16.088625516832536,0.0
1,external,drone,3.7261998653411865,100.0,0.46403504116774175,-0.5335461372444302,-0.7071067811865476,2.92496755796302,-2.305184131163948,0.12351656877698446,438.54243153124344,8.314937652577616,59.85621096763691
0,random,jackal,0.7681842236023648,101.0,,,,0.6643553249759576,0.3856669593932797,0.0,489.464993474127,-15.702958557439256,0.0
1,external,drone,3.218891143798828,101.0,-0.4963861574445638,0.5035879096021079,-0.7071067811865476,2.6116844187296966,-1.8783795090502602,0.10979577665447106,441.1541159499731,6.436558143527355,59.966006744291384
0,random,jackal,4.804858532021205,102.0,,,,4.5713071469310975,1.4798028521237683,0.0,494.0363006210581,-14.223155705315488,0.0
1,external,drone,3.028520107269287,102.0,0.49385175412867127,-0.5060735568512096,-0.7071067811865476,2.4833568868627167,-1.7334395190536225,-0.007748960513135653,443.63747283683585,4.703118624473733,59.95825778377825
0,random,jackal,6.9214374938223955,103.0,,,,6.910788553833358,-0.3837949258344617,0.0,500.94708917489146,-14.60695063114995,0.0
1,external,drone,3.019625186920166,103.0,-0.5016295625391098,0.4983651091186274,-0.7071067811865476,2.50171089263623,-1.6902053309492895,0.05277137840240046,446.1391837294721,3.0129132935244436,60.01102916218065
0,random,jackal,4.965023893350961,104.0,,,,4.954837037297497,-0.31788707959099427,0.0,505.901926212189,-14.924837710740944,0.0
1,external,drone,3.1941332817077637,104.0,0.5370801512538712,-0.45994011689470937,-0.7071067811865476,2.6420718271259265,-1.7875967474754553,0.16260919419224595,448.781255556598,1.2253165460489883,60.17363835637289
0,random,jackal,5.001273011783333,105.0,,,,4.803892186596301,1.3911691478577768,0.0,510.7058183987853,-13.533668562883166,0.0
1,external,drone,3.292163372039795,105.0,-0.5698625280369771,0.4186367149920149,-0.7071067811865476,2.72698281546492,-1.8363603468355265,0.17229355452121353,451.5082383720629,-0.6110438007865382,60.3459319108941
0,random,jackal,4.769388032471227,106.0,,,,4.033608548534835,2.545007717368742,0.0,514.7394269473201,-10.988660845514424,0.0
1,external,drone,3.386308193206787,106.0,0.5847358616388233,-0.3975977516454324,-0.7071067811865476,2.852902652815197,-1.8179659511725648,0.15175451662688672,454.3611410248781,-2.4290097519591027,60.49768642752099
0,random,jackal,6.998524523357161,107.0,,,,5.684167450451163,4.082840420499323,0.0,520.4235943977712,-6.905820425015101,0.0
1,external,drone,3.4673516750335693,107.0,-0.5759494604618096,0.4102221580969882,-0.7071067811865476,3.0581800370469736,-1.6228594222370456,0.19076109409917444,457.4193210619251,-4.051869174196148,60.68844752162016
0,random,jackal,9.053324739292842,108.0,,,,6.106610557055133,6.683711269912444,0.0,526.5302049548263,-0.2221091551026566,0.0
1,external,drone,3.639880657196045,108.0,0.5514362143426574,-0.4426263678447532,-0.7071067811865476,3.384304559064406,-1.3203038881493427,0.2280602838363467,460.80362562098946,-5.372173062345491,60.91650780545651
0,random,jackal,12.0,109.0,,,,11.006432577700037,4.781050293873024,0.0,537.5366375325264,4.5589411387703676,0.0
1,external,drone,4.244058609008789,109.0,-0.3663352005959481,0.6048127981485895,-0.7071067811865476,4.219481948880137,0.1787196612629303,-0.4196008132193763,465.0231075698696,-5.19345340108256,60.496906992237136
0,random,jackal,9.231413398955535,110.0,,,,9.199264006425377,-0.769763004113804,0.0,546.7359015389517,3.7891781346565634,0.0
1,external,drone,4.52291202545166,110.0,0.1335332402300134,-0.6943838086776458,-0.7071067811865476,4.461591950497351,0.5499401912393519,-0.49849397518134936,469.4846995203669,-4.643513209843208,59.99841301705579
0,random,jackal,4.611626583544916,111.0,,,,3.634590552098204,2.8384593117845864,0.0,550.3704920910499,6.62763744644115,0.0
1,external,drone,4.610609531402588,111.0,0.0033056957554807973,0.707099054146993,-0.7071067811865476,4.60347930787524,-0.12244789472549873,-0.22517776555909538,474.0881788282422,-4.7659611045687065,59.77323525149669
0,random,jackal,6.9056070802312375,112.0,,,,3.7830117593279096,5.777216559497017,0.0,554.1535038503778,12.404854005938166,0.0
1,external,drone,4.564770698547363,112.0,-0.2267488752511002,-0.6697648449809537,-0.7071067811865476,4.515906522181701,0.4753159038610288,-0.4666846952388024,478.6040853504239,-4.290645200707678,59.30655055625789
0,random,jackal,6.559173836033147,113.0,,,,4.858836276445865,4.406185589599634,0.0,559.0123401268237,16.8110395955378,0.0
1,external,drone,4.311834335327148,113.0,0.4843234636631239,0.5151997501410057,-0.7071067811865477,4.135590364822058,1.0622287710496576,-0.6003979577341984,482.73967571524594,-3.22841642965802,58.706152598523694
0,random,jackal,5.2894427274526805,114.0,,,,4.417277584494966,2.909615628999881,0.0,563.4296177113187,19.72065522453768,0.0
1,external,drone,4.149941444396973,114.0,-0.6615497246100731,-0.2497037482064223,-0.7071067811865476,3.917392741771378,1.2193750119132374,-0.6238370612284491,486.6570684570173,-2.0090414177447826,58.082315537295244
0,random,jackal,9.394918812701874,115.0,,,,9.34667600458004,0.9508665325203685,0.0,572.7762937158986,20.67152175705805,0.0
1,external,drone,4.054464340209961,115.0,0.7033917102135171,-0.07238854883822167,-0.7071067811865476,3.799263185958249,1.2664788601745665,-0.6327018465181644,490.45633164297556,-0.7425625575702162,57.44961369077708
0,random,jackal,4.127689518713282,116.0,,,,4.001957898466969,1.0110161926464534,0.0,576.7782516143657,21.682537949704503,0.0
1,external,drone,4.104269027709961,116.0,-0.6162524214056201,0.3467462373432623,-0.7071067811865476,3.9020006130134743,1.0802689727279446,-0.6726324512116924,494.358332255989,0.3377064151577285,56.77698123956539
0,random,jackal,6.1571046630557795,117.0,,,,6.0226303735494415,1.2797895199691771,0.0,582.8008819879151,22.96232746967368,0.0
1,external,drone,4.06744909286499,117.0,0.4359278494151252,-0.5567467198864344,-0.7071067811865476,3.8721625709716285,1.0648451434071335,-0.6454486560345941,498.23049482696064,1.402551558564862,56.13153258353079
0,random,jackal,3.786063823442209,118.0,,,,3.47748947718591,-1.4971126247677902,0.0,586.278371465101,21.46521484490589,0.0
1,external,drone,3.999807357788086,118.0,-0.2095342067276126,0.6753483665568683,-0.7071067811865476,3.813777500364125,1.0325359872783437,-0.6224383600865314,502.04427232732473,2.4350875458432055,55.50909422344426
0,random,jackal,7.155768869805562,119.0,,,,7.149412891579679,-0.3015351120394726,0.0,593.4277843566807,21.163679732866417,0.0
1,external,drone,4.205384254455566,119.0,0.008871053912757002,-0.707051132806162,-0.7071067811865476,4.099903419311858,0.7851282171358932,-0.509531512857392,506.1441757466366,3.2202157629790986,54.999562710586865
0,random,jackal,5.464210114692766,120.0,,,,5.012359788252197,-2.175739306677877,0.0,598.4401441449329,18.98794042618854,0.0
1,external,drone,4.305070877075195,120.0,0.12760476228049267,0.695497681263812,-0.7071067811865476,4.257227599341882,0.5164853496586896,-0.3780096660545754,510.4014033459785,3.736701112637788,54.62155304453229
0,random,jackal,2.5071804721013446,121.0,,,,1.9527841977361113,-1.5724464368487894,0.0,600.392928342669,17.41549398933975,0.0
1,external,drone,4.537696838378906,121.0,-0.20572562676710907,-0.6765182676700462,-0.7071067811865476,4.533442682008862,0.09728634999266186,-0.1706616889618978,514.9348460279874,3.83398746263045,54.45089135557039
0,random,jackal,6.916045367220195,122.0,,,,5.34456768645739,-4.389450964109684,0.0,605.7374960291264,13.026043025230067,0.0
1,external,drone,4.6178460121154785,122.0,0.27512710455081935,0.6513870403542603,-0.7071067811865476,4.616917093780654,-0.04653666508539349,-0.08007920809771954,519.5517631217681,3.7874507975450564,54.37081214747267
0,random,jackal,8.868709854132737,123.0,,,,7.2872385789630405,-5.0547174372128705,0.0,613.0247346080895,7.971325588017196,0.0
1,external,drone,4.7296223640441895,123.0,-0.30760464067252236,-0.6366941063310768,-0.7071067811865475,4.7063085273879475,-0.43316398464353423,0.17987972067516644,524.258071649156,3.354286812901522,54.55069186814784
0,random,jackal,7.72818330682911,124.0,,,,5.4810660852297435,-5.448186101198857,0.0,618.5058006933192,2.523139486818339,0.0
1,external,drone,4.744400501251221,124.0,0.2963434023653314,0.6420129187754242,-0.7071067811865475,4.643329936027067,-0.8257096092644151,0.5167464200515728,528.9014015851831,2.528577203637107,55.06743828819941
0,random,jackal,4.966767926857804,125.0,,,,3.212546958901032,-3.787918382980169,0.0,621.7183476522202,-1.2647788961618298,0.0
1,external,drone,4.466629981994629,125.0,-0.19774966785928186,-0.6788925311575786,-0.7071067811865475,4.098328032222428,-1.470812358989754,0.995591151525652,532.9997296174055,1.057764844647353,56.063029439725064
0,random,jackal,7.42619111176886,126.0,,,,6.7663408153048135,-3.0602199920357065,0.0,628.4846884675251,-4.324998888197536,0.0
1,external,drone,3.9474127292633057,126.0,0.04486418547764601,0.7056820848380859,-0.7071067811865475,3.429452676798013,-1.7041579637925561,0.9574796223394698,536.4291822942035,-0.646393119145203,57.020509062064534
0,random,jackal,5.841181336313663,127.0,,,,4.205479122807158,-4.0538062054484305,0.0,632.6901675903322,-8.378805093645965,0.0
1,external,drone,4.20867919921875,127.0,0.10598686308456916,-0.6991185771051238,-0.7071067811865476,3.641493317364833,-1.8262292603318173,1.0570684510625343,540.0706756115684,-2.4726223794770203,58.07757751312707
0,random,jackal,4.813517597768518,128.0,,,,3.6313114302157863,-3.159672286932838,0.0,636.3214790205479,-11.538477380578804,0.0
1,external,drone,4.005190849304199,128.0,-0.2674473209160542,0.654577673416093,-0.7071067811865476,3.3601626010036125,-1.9482778556584077,0.9772790959177454,543.430838212572,-4.420900235135428,59.05485660904481
0,random,jackal,4.07717686082878,129.0,,,,2.69628410551784,-3.0583366683230753,0.0,639.0177631260658,-14.59681404890188,0.0
1,external,drone,3.9656453132629395,129.0,0.4106573225490633,-0.5756392650235344,-0.7071067811865476,3.291481590245955,-2.025500495280477,0.8887291124379914,546.722319802818,-6.446400730415905,59.943585721482805
0,random,jackal,5.877400390303464,130.0,,,,5.29092349875555,-2.5592897214375,0.0,644.3086866248213,-17.15610377033938,0.0
1,external,drone,3.909898281097412,130.0,-0.5265281299429728,0.4719831865424404,-0.7071067811865476,3.2184617249884386,-2.0773277629855125,0.7832739357610136,549.9407815278064,-8.523728493401418,60.72685965724382
0,random,jackal,7.150630542072122,131.0,,,,6.817947333991172,-2.155715959985759,0.0,651.1266339588125,-19.31181973032514,0.0
1,external,drone,4.095422744750977,131.0,0.6117340807702764,-0.3546567557852876,-0.7071067811865476,3.3742083547328807,-2.1938471851458323,0.7577862266511292,553.3149898825393,-10.71757567854725,61.48464588389495
0,random,jackal,6.5798097800816855,132.0,,,,6.384182623769381,-1.592516552008079,0.0,657.5108165825818,-20.90433628233322,0.0
1,external,drone,4.474392890930176,132.0,-0.6666089365037927,0.23586548236925767,-0.7071067811865476,3.72580580681208,-2.3514482199893347,0.7805473086500725,557.0407956893514,-13.069023898536585,62.26519319254502
0,random,jackal,6.109741976313448,133.0,,,,5.5388275691612,-2.5788245725962797,0.0,663.049644151743,-23.483160854929498,0.0
1,external,drone,4.892181396484375,133.0,0.6944499269880413,-0.1331889594009366,-0.7071067811865476,4.17282555526931,-2.422946455124447,0.8064094350880703,561.2136212446208,-15.491970353661031,63.07160262763309
0,random,jackal,9.880375192018223,134.0,,,,9.395080409188349,-3.0584764246164133,0.0,672.4447245609314,-26.54163727954591,0.0
1,external,drone,5.089801788330078,134.0,-0.7058255881601911,0.04254690468554021,-0.7071067811865476,4.365421809264434,-2.5088311357486903,0.7449436247021886,565.5790430538852,-18.00080148940972,63.81654625233528
0,random,jackal,5.701214984940179,135.0,,,,5.6168383813199885,-0.9772302198750836,0.0,678.0615629422514,-27.518867499420992,0.0
1,external,drone,5.938048362731934,135.0,0.7066381361393984,0.02573994082039121,-0.7071067811865476,5.22394169667191,-2.7194027622879524,0.758749052306923,570.8029847505571,-20.720204251697673,64.5752953046422
0,random,jackal,4.7301763144501265,136.0,,,,4.592493358207301,-1.132948684013009,0.0,682.6540563004587,-28.651816183434,0.0
1,external,drone,6.1250996589660645,136.0,-0.7054442730456408,-0.048460062186377474,-0.7071067811865476,5.594835211545946,-2.40049787051864,0.6725137630913638,576.3978199621031,-23.120702122216315,65.24780906773356
0,random,jackal,2.4824795433043945,137.0,,,,1.9751099215387096,-1.5038768170179855,0.0,684.6291662219974,-30.155693000451986,0.0
1,external,drone,5.984869956970215,137.0,0.7057597509150851,0.043625382385454915,-0.7071067811865476,5.540439619904556,-2.198341006934884,0.5380465010248108,581.9382595820076,-25.319043129151197,65.78585556875836
0,random,jackal,6.2410712950345735,138.0,,,,6.0459773418730585,1.5482664148208207,0.0,690.6751435638704,-28.607426585631167,0.0
1,external,drone,5.451138019561768,138.0,-0.7060417068139226,-0.03879572449746309,-0.7071067811865476,4.9969266102102825,-2.136073869186668,0.42757290122511377,586.9351861922179,-27.455116998337864,66.21342846998348
0,random,jackal,7.96909696261728,139.0,,,,7.606987472407319,2.3749206290388027,0.0,698.2821310362777,-26.232505956592362,0.0
1,external,drone,5.718584060668945,139.0,0.7064699982062871,-0.030002360480616865,-0.7071067811865476,5.516766717282603,-1.4909108100298618,0.21136130808631118,592.4519529095005,-28.946027808367727,66.4247897780698
0,random,jackal,6.676124899468791,140.0,,,,6.676104362867187,-0.016559269696906832,0.0,704.9582353991449,-26.249065226289268,0.0
1,external,drone,5.905923843383789,140.0,-0.6899710718706632,0.15472530491696657,-0.7071067811865476,5.856989160709612,-0.753931622774484,-0.08486178975193419,598.3089420702102,-29.69995943114221,66.33992798831785
0,random,jackal,7.020564553961492,141.0,,,,3.7841429148820374,5.9134244779221286,0.0,708.742378314027,-20.33564074836714,0.0
1,external,drone,5.945895671844482,141.0,0.6477916534215934,-0.28348893057281505,-0.7071067811865476,5.910657478599521,-0.6282382019286783,-0.15205351943286916,604.2195995488097,-30.32819763307089,66.18787446888498
0,random,jackal,6.808207225370552,142.0,,,,3.5606329138794908,5.802894008698232,0.0,712.3030112279065,-14.532746739668909,0.0
1,external,drone,5.466362953186035,142.0,-0.5609293794171777,0.43053249738743304,-0.7071067811865476,5.442917657316036,-0.07917920325603334,-0.49950171712798874,609.6625172061257,-30.40737683632692,65.688372751757
0,random,jackal,3.728871177859554,143.0,,,,2.9304992522140467,2.3057871527625027,0.0,715.2335104801206,-12.226959586906407,0.0
1,external,drone,4.9540252685546875,143.0,0.42028996971997135,-0.5686443012576364,-0.7071067811865476,4.896357501674943,0.3259298201944032,-0.6795729023275527,614.5588747078007,-30.08144701613252,65.00879984942945
0,random,jackal,7.038438358457202,144.0,,,,6.940893557637077,1.1677376192252429,0.0,722.1744040377577,-11.059221967681165,0.0
1,external,drone,4.709959506988525,144.0,-0.22901150929155395,0.6689945654577505,-0.7071067811865476,4.621945950317797,0.5228491775963885,-0.7402451805309397,619.1808206581185,-29.55859783853613,64.26855466889852
0,random,jackal,10.153235784774456,145.0,,,,9.36844545596661,3.9141316584656582,0.0,731.5428494937242,-7.145090309215506,0.0
1,external,drone,4.636441230773926,145.0,0.025494635922671083,-0.7066470289608316,-0.7071067811865476,4.536244450987719,0.581410676743287,-0.7622566446233667,623.7170651091062,-28.977187161792845,63.506298024275154
0,random,jackal,6.710007611517621,146.0,,,,3.0465862592356325,5.978504354072266,0.0,734.5894357529598,-1.1665859551432405,0.0
1,external,drone,4.480461597442627,146.0,0.2217238198659136,0.6714451189070243,-0.7071067811865476,4.265801011942238,0.942112031620585,-0.9949385772732141,627.9828661210485,-28.03507513017226,62.51135944700194
0,random,jackal,10.244478543381927,147.0,,,,6.820857515711317,7.643640714749557,0.0,741.4102932686711,6.477054759606316,0.0
1,external,drone,4.150814056396484,147.0,-0.529940427463123,-0.46814863381217153,-0.7071067811865476,3.752819400376112,1.352706046063627,-1.147078999843611,631.7356855214246,-26.682369084108633,61.36428044715832
0,random,jackal,7.888588276263813,148.0,,,,6.51843121433848,4.442958417129813,0.0,747.9287244830097,10.92001317673613,0.0
1,external,drone,4.080315589904785,148.0,0.7061011899071018,-0.03769760750730938,-0.7071067811865476,3.5075286382707023,1.6268521325788712,-1.303675689600174,635.2432141596953,-25.05551695152976,60.060604757558146
0,random,jackal,6.425991002897044,149.0,,,,4.950477222744238,4.097088678123072,0.0,752.8792017057539,15.017101854859202,0.0
1,external,drone,4.215203762054443,149.0,-0.4348959035344193,0.557553184090075,-0.7071067811865475,3.5694203564068516,1.7452913600617284,-1.407529446725785,638.8126345161022,-23.310225591468033,58.653075310832364
0,random,jackal,5.8838513883544294,150.0,,,,2.1555543081295956,5.47478700818071,0.0,755.0347560138835,20.49188886303991,0.0
1,external,drone,4.279848098754883,150.0,-0.18450447295661299,-0.68261123596012,-0.7071067811865476,3.584644293408931,1.8238638404041052,-1.4631970919233543,642.3972788095111,-21.486361751063928,57.18987821890901
0,random,jackal,7.955529626369856,151.0,,,,7.17838813375561,3.429459933751255,0.0,762.213144147639,23.921348796791165,0.0
1,external,drone,4.08333683013916,151.0,0.686617625048763,0.16898590761479637,-0.7071067811865476,3.3549710500491052,1.8419196735414478,-1.4230744316177901,645.7522498595603,-19.64444207752248,55.76680378729122
0,random,jackal,8.043645855611476,152.0,,,,6.917383682936066,4.104880221583275,0.0,769.130527830575,28.02622901837444,0.0
1,external,drone,4.41831111907959,152.0,-0.46091516171280733,0.5362436141375083,-0.7071067811865476,3.608419108772594,1.989391477057343,-1.5947119587683345,649.3606689683329,-17.655050600465138,54.17209182852288
0,random,jackal,3.9851867966055754,153.0,,,,3.173894474417318,2.4100015910996047,0.0,772.3044223049924,30.436230609474045,0.0
1,external,drone,4.7172675132751465,153.0,-0.2972485952010185,-0.6415943209310859,-0.7071067811865476,3.828164365719875,2.1422609247376085,-1.7344994987534594,653.1888333340528,-15.512789675727529,52.43759232976942
0,random,jackal,8.750761664132174,154.0,,,,6.786413174722195,5.52452947538542,0.0,779.0908354797145,35.960760084859466,0.0
1,external,drone,4.79207706451416,154.0,0.7071063952450257,0.0007387852094476365,-0.7071067811865475,3.8951373800910822,2.201981077406884,-1.715571833879845,657.0839707141439,-13.310808598320644,50.72202049588958
0,random,jackal,8.121926073940042,155.0,,,,8.005695324994992,1.3691331249737635,0.0,787.0965308047096,37.32989320983323,0.0
1,external,drone,5.032098293304443,155.0,-0.22628293901216545,0.6699224070831016,-0.7071067811865475,4.036704088086263,2.41022649280819,-1.7938343268180241,661.1206748022302,-10.900582105512454,48.92818616907156
0,random,jackal,7.345392075618743,156.0,,,,7.339251432712947,0.30028844796889725,0.0,794.4357822374225,37.630181657802126,0.0
1,external,drone,5.434025764465332,156.0,-0.4919861669445452,-0.5078874004493656,-0.7071067811865475,4.4278922600527855,2.489959948389344,-1.9293795887939236,665.5485670622829,-8.41062215712311,46.99880658027764
0,random,jackal,4.409011342621064,157.0,,,,4.3985154519032434,0.304044139442964,0.0,798.8342976893257,37.93422579724509,0.0
1,external,drone,5.560667991638184,157.0,0.6999056061031522,-0.10065854432376468,-0.7071067811865475,4.577099085811745,2.408729786403885,-2.0418651493135926,670.1256661480946,-6.001892370719224,44.956941430964044
0,random,jackal,3.722507848486579,158.0,,,,3.660011730286023,0.6792487145463653,0.0,802.4943094196117,38.61347451179146,0.0
1,external,drone,5.477005958557129,158.0,-0.40200081551884326,0.5817175812386841,-0.7071067811865475,4.552191208943147,2.2734671519339438,-2.026449253341515,674.6778573570377,-3.72842521878528,42.930492177622526
0,random,jackal,7.945972605375329,159.0,,,,7.315377161483484,3.102214955579485,0.0,809.8096865810952,41.71568946737094,0.0
1,external,drone,5.35673189163208,159.0,-0.09306667214598452,-0.7009554868432603,-0.7071067811865475,4.502073569412876,2.17068955458263,-1.9271785054965902,679.1799309264507,-1.5577356642026503,41.003313672125934
0,random,jackal,4.344832159256594,160.0,,,,3.7169902730005107,2.2497888350976205,0.0,813.5266768540957,43.96547830246856,0.0
1,external,drone,5.42664909362793,160.0,0.5390606114147106,0.4576173698858016,-0.7071067811865475,4.595674321355424,2.159228761617151,-1.9146877219046607,683.7756052478061,0.6014930974145005,39.08862595022127
0,random,jackal,5.719524495039211,161.0,,,,2.3856709069545476,5.198224194190185,0.0,815.9123477610503,49.16370249665874,0.0
1,external,drone,5.384870529174805,161.0,-0.7068126975147057,0.02039143526055583,-0.7071067811865475,4.594843333744215,2.1628249101079184,-1.7906517703167064,688.3704485815502,2.764318007522419,37.297974179904564
0,random,jackal,9.354207757291277,162.0,,,,-0.468648155212595,9.34246068619955,0.0,815.4436996058378,58.506163182858295,0.0
1,external,drone,5.368276596069336,162.0,0.4320451707453866,-0.5597651029097741,-0.7071067811865475,4.497067853910374,2.4079641139601367,-1.672268864480796,692.8675164354606,5.172282121482556,35.625705315423765
0,random,jackal,3.731018578494565,163.0,,,,0.10681200946199082,3.729489352137407,0.0,815.5505116152998,62.2356525349957,0.0
1,external,drone,4.934720039367676,163.0,0.4248250039786569,0.5652642886248294,-0.7071067811865475,3.9202920412375106,2.6548289970373316,-1.3909188239564882,696.7878084766982,7.827111118519888,34.234786491467275
0,random,jackal,3.4027084789390534,164.0,,,,-0.6246393028044986,3.344884263174981,0.0,814.9258723124952,65.58053679817068,0.0
1,external,drone,4.6247711181640625,164.0,-0.6478468771442064,0.28336270709904604,-0.7071067811865475,3.6421577536245064,2.5709547322752107,-1.230197771786742,700.4299662303226,10.3980658507951,33.004588719680534
0,random,jackal,4.730537496847202,165.0,,,,-2.1701865647922043,4.203364757319164,0.0,812.7556857477031,69.78390155548985,0.0
1,external,drone,4.316405296325684,165.0,-0.10428718887337116,-0.6993741360937579,-0.7071067811865475,3.393241211228187,2.4530310871090886,-1.048764630528452,703.8232074415508,12.851096937904188,31.95582408915208
0,random,jackal,3.4731108884694106,166.0,,,,0.6736570939891088,3.4071520898432066,0.0,813.4293428416922,73.19105364533306,0.0
1,external,drone,4.013050079345703,166.0,0.6955407118904007,0.12737000472244248,-0.7071067811865475,3.165725453294074,2.3120037530204356,-0.8587152844348394,706.9889328948449,15.163100690924624,31.09710880471724
0,random,jackal,7.158342523546775,167.0,,,,-6.698496847931368,2.5242835939473087,0.0,806.7308459937609,75.71533723928036,0.0
1,external,drone,3.9282708168029785,167.0,-0.37468556577348516,0.5996755179269899,-0.7071067811865474,3.1088826209316265,2.2724348593756805,-0.7760156372841158,710.0978155157765,17.435535550300305,30.321093167433126
0,random,jackal,6.816435292075423,168.0,,,,-6.107580397341885,3.026755983071065,0.0,800.6232655964191,78.74209322235143,0.0
1,external,drone,3.5139269828796387,168.0,-0.32946539189022,-0.6256616941659638,-0.7071067811865474,2.8401175195560473,2.025628332459076,-0.422190922284543,712.9379330353325,19.46116388275938,29.898902245148584
0,random,jackal,6.340618516448432,169.0,,,,-4.0705244411820605,4.861509430708551,0.0,796.552741155237,83.60360265305998,0.0
1,external,drone,3.313930034637451,169.0,0.7042684822956247,0.06329221788670171,-0.7071067811865474,2.704747748216644,1.8980799789531229,-0.25251591333317325,715.6426807835492,21.359243861712503,29.64638633181541
0,random,jackal,4.589573272224721,170.0,,,,-3.2657075560692204,3.2248003006933517,0.0,793.2870335991678,86.82840295375333,0.0
1,external,drone,3.264753818511963,170.0,-0.43253710934121553,0.559385063299643,-0.7071067811865474,2.6617531089988815,1.8791884583312632,-0.20576350574822685,718.3044338925481,23.238432320043767,29.440622826067184
0,random,jackal,6.445227144534838,171.0,,,,-2.3881504280955816,5.9864589263967725,0.0,790.8988831710722,92.8148618801501,0.0
1,external,drone,3.2891757488250732,171.0,-0.2343764686931367,-0.6671339227793287,-0.7071067811865474,2.6768356501561565,1.9034636175232686,-0.17336166092097652,720.9812695427042,25.141895937567035,29.267261165146206
0,random,jackal,11.136292966072363,172.0,,,,0.19678949796517844,11.134554096131708,0.0,791.0956726690373,103.94941597628181,0.0
1,external,drone,3.3261609077453613,172.0,0.683231323365829,0.1821948373905755,-0.7071067811865475,2.7007587053097875,1.9351014161532423,-0.15694364946872313,723.682028248014,27.076997353720277,29.110317515677483
0,random,jackal,7.2832615916657355,173.0,,,,-2.125800932429075,6.966123011282314,0.0,788.9698717366082,110.91553898756413,0.0
1,external,drone,3.5266828536987305,173.0,-0.5275999586232264,0.4707847530037162,-0.7071067811865475,2.8298097359730274,2.0838814384193602,-0.29513888150520756,726.5118379839871,29.160878792139638,28.815178634172277
0,random,jackal,6.528491081676584,174.0,,,,-2.945878789771144,5.826061616521679,0.0,786.023992946837,116.74160060408582,0.0
1,external,drone,3.686723470687866,174.0,-0.11920172020471703,-0.696987051458086,-0.7071067811865475,2.9312126983393814,2.1969565642183166,-0.4162978757486017,729.4430506823265,31.357835356357953,28.398880758423676
0,random,jackal,8.0479481321258,175.0,,,,-1.030278142414796,7.981728890826189,0.0,784.9937148044222,124.72332949491201,0.0
1,external,drone,3.900329113006592,175.0,0.6681418199597045,0.23148759884912679,-0.7071067811865475,3.060646790233131,2.352794918244887,-0.5562054367618597,732.5036974725597,33.71063027460284,27.842675321661815
0,random,jackal,6.745147360276384,176.0,,,,-1.3522432906974153,6.608210876977769,0.0,783.6414715137248,131.3315403718898,0.0
1,external,drone,4.497026443481445,176.0,-0.4260419451577836,0.5643476419425993,-0.7071067811865474,3.3870911756079756,2.773622316014663,-1.0285326682198377,735.8907886481677,36.4842525906175,26.814142653441976
0,random,jackal,8.405864877336748,177.0,,,,-1.1960853026562126,8.32033318352176,0.0,782.4453862110686,139.65187355541156,0.0
1,external,drone,4.964613914489746,177.0,-0.5006336063049712,-0.49936558976172885,-0.7071067811865474,3.617598832644449,3.117497260866962,-1.3570485748423702,739.5083874808122,39.60174985148446,25.457094078599606
0,random,jackal,5.101052530203579,178.0,,,,2.1544519672039284,4.623751035350786,0.0,784.5998381782725,144.27562459076233,0.0
1,external,drone,5.431925296783447,178.0,0.41894813878006903,-0.5696336164700222,-0.7071067811865475,3.795658653426864,3.481173098877577,-1.7263318545843944,743.304046134239,43.08292295036204,23.730762224015212
0,random,jackal,3.660212958894181,179.0,,,,1.2424299853301615,3.442895095121167,0.0,785.8422681636027,147.7185196858835,0.0
1,external,drone,5.59787654876709,179.0,0.6336790071707012,0.31376888926589686,-0.7071067811865475,3.849598648738929,3.6483596217135124,-1.79060999927801,747.153644782978,46.73128257207555,21.9401522247372
0,random,jackal,4.032533773468951,180.0,,,,-1.5971729301476603,3.702751310224773,0.0,784.2450952334551,151.4212709961083,0.0
1,external,drone,5.575067520141602,180.0,-0.21198691040692128,0.6745825003779213,-0.7071067811865475,3.7755698629202428,3.7253855953238917,-1.7169601714948124,750.9292146458982,50.45666816739944,20.22319205324239
0,random,jackal,7.574227822736551,181.0,,,,-7.169199403023954,2.443666718355322,0.0,777.0758958304311,153.86493771446362,0.0
1,external,drone,5.083102226257324,181.0,-0.6888629772402941,-0.1595863358425097,-0.7071067811865475,3.3298127118492724,3.5451038600049913,-1.4773334655272887,754.2590273577475,54.001772027404435,18.7458585877151
0,random,jackal,4.091648644983746,182.0,,,,-3.928761526352917,-1.14298797152307,0.0,773.1471343040782,152.72194974294055,0.0
1,external,drone,4.78632116317749,182.0,0.18616035609154866,-0.682161507137326,-0.7071067811865475,2.9688384406485024,3.565986037806364,-1.1741431635786854,757.227865798396,57.567758065210796,17.571715424136418
0,random,jackal,7.991112750995537,183.0,,,,-7.887952373233154,1.2798790398818578,0.0,765.2591819308451,154.0018287828224,0.0
1,external,drone,4.573965072631836,183.0,0.6325293796694029,0.31608002761174375,-0.7071067811865475,2.7484421911356955,3.5839370380129023,-0.7229227588065535,759.9763079895317,61.1516951032237,16.848792665329864
0,random,jackal,2.9579560337698854,184.0,,,,-2.5300867519134704,-1.5323723194797063,0.0,762.7290951789316,152.46945646334268,0.0
1,external,drone,4.14874792098999,184.0,-0.38289102981387624,0.5944698977139797,-0.7071067811865474,2.0049825089944484,3.628592506000377,-0.15959597721430901,761.9812904985262,64.78028760922408,16.689196688115555
0,random,jackal,8.026961492777009,185.0,,,,-5.257393740135177,-6.065634498361433,0.0,757.4717014387965,146.40382196498126,0.0
1,external,drone,3.439258575439453,185.0,-0.3280238916919023,-0.6264186511266242,-0.7071067811865474,1.129758397669043,3.20877046309854,0.5059027839184891,763.1110488961953,67.98905807232262,17.195099472034045
0,random,jackal,7.662620519816016,186.0,,,,-1.6897503263827547,-7.4739880295057235,0.0,755.7819511124137,138.92983393547553,0.0
1,external,drone,1.4570993185043335,186.0,0.5690419150850985,0.4197514727505834,-0.7071067811865474,0.19930264415655574,1.3316490021366778,0.5568912058260471,763.3103515403518,69.32070707445929,17.751990677860093
0,random,jackal,7.6854265772471635,187.0,,,,2.245076362891023,-7.350198214949381,0.0,758.0270274753047,131.57963572052614,0.0
1,external,drone,0.864466667175293,187.0,-0.6321091006765455,-0.3169196820045879,-0.7071067811865474,0.11687964015523944,0.7609065642315634,0.39327213082502815,763.4272311805071,70.08161363869085,18.14526280868512
0,random,jackal,3.5185427205880284,188.0,,,,0.8303341455963502,3.4191648224763576,0.0,758.8573616209011,134.9988005430025,0.0
1,external,drone,0.4972829818725586,188.0,0.5919328962920725,0.38680155931340154,-0.7071067811865475,0.21587915594857862,0.3569757624219702,0.2706563487713632,763.6431103364556,70.43858940111282,18.415919157456486
0,random,jackal,9.671777754528396,189.0,,,,-0.14482447620744623,9.670693398308188,0.0,758.7125371446937,144.6694939413107,0.0
1,external,drone,0.6434340476989746,189.0,-0.576065571892307,-0.41005908949856196,-0.7071067811865475,0.26344566456953417,0.4921953901613368,0.319917885498345,763.9065560010251,70.93078479127416,18.73583704295483
0,random,jackal,7.648340208241205,190.0,,,,2.8066211872736497,7.114772340148753,0.0,761.5191583319673,151.78426628145945,0.0
1,external,drone,1.0680184364318848,190.0,0.6572510624653091,0.26080843714922763,-0.7071067811865474,0.279703239742277,0.9435654703437921,0.41486585953893607,764.1862592407674,71.87435026161796,19.150702902493766
0,random,jackal,5.917164613468164,191.0,,,,3.0785265470757612,5.053267394649686,0.0,764.5976848790431,156.83753367610913,0.0
1,external,drone,1.6915404796600342,191.0,-0.6995661885791856,0.10299100832981276,-0.7071067811865474,0.5229011567753721,1.5466957820616691,0.4422846733995173,764.7091603975427,73.42104604367964,19.592987575893282
0,random,jackal,4.7463336252091946,192.0,,,,2.6979563799299315,3.904960211549771,0.0,767.295641258973,160.7424938876589,0.0
1,external,drone,2.445270538330078,192.0,0.4262597559221814,-0.5641831444497103,-0.7071067811865475,0.9378932289567453,2.233273782343094,0.33495150365557624,765.6470536264995,75.65431982602273,19.92793907954886
0,random,jackal,10.870002467409492,193.0,,,,3.2857362149274634,10.361510081421654,0.0,770.5813774739005,171.10400396908054,0.0
1,external,drone,2.9127964973449707,193.0,0.20139692095124628,0.6778195041685934,-0.7071067811865475,1.2961829675185812,2.6033572287723934,0.1637812231557013,766.9432365940181,78.25767705479512,20.091720302704562
0,random,jackal,6.247210698063201,194.0,,,,0.8629375542390645,6.1873241618230415,0.0,771.4443150281395,177.29132813090357,0.0
1,external,drone,4.184575080871582,194.0,-0.6805925064530183,0.19181720506773783,-0.7071067811865475,2.0292896620020175,3.6165138738955602,-0.559892378108573,768.9725262560202,81.87419092869068,19.53182792459599
0,random,jackal,8.012303963755578,195.0,,,,3.3155628794143075,7.294111159028443,0.0,774.7598779075538,184.585439289932,0.0
1,external,drone,4.4455790519714355,195.0,-0.22060225989331914,-0.6718144408465486,-0.7071067811865475,1.9880503336731945,3.9328203615133552,-0.5863045131798905,770.9605765896933,85.80701129020403,18.9455234114161
0,random,jackal,4.510204222286903,196.0,,,,3.0752625336609127,3.2991972471793916,0.0,777.8351404412147,187.8846365371114,0.0
1,external,drone,4.608907222747803,196.0,0.6170838057395243,-0.34526450251079294,-0.7071067811865474,2.170492646460439,3.9941014288241683,-0.7603559928235993,773.1310692361537,89.8011127190282,18.185167418592503
0,random,jackal,2.338093258757952,197.0,,,,1.5177515792600644,1.7785134889291565,0.0,779.3528920204748,189.66315002604054,0.0
1,external,drone,4.52720832824707,197.0,0.43877232844692843,0.5545077490795427,-0.7071067811865474,2.1758142937886715,3.9178438422265454,-0.6418310012940182,775.3068835299424,93.71895656125474,17.543336417298484
0,random,jackal,4.191023363645904,198.0,,,,2.607611457374764,3.281011935667666,0.0,781.9605034778496,192.9441619617082,0.0
1,external,drone,4.4044189453125,198.0,-0.5443322735323989,0.4513339960506521,-0.7071067811865474,2.0465251993253477,3.8811072897914705,-0.3842486948338703,777.3534087292678,97.60006385104622,17.159087722464612
0,random,jackal,8.50732387886885,199.0,,,,7.6741189237686145,3.671846718454975,0.0,789.6346224016181,196.6160086801632,0.0
1,external,drone,4.342469215393066,199.0,-0.44880610082994005,-0.5464184146401235,-0.7071067811865474,2.048958062168787,3.8158169004589273,-0.31360983447913576,779.4023667914366,101.41588075150514,16.845477887985478
